CASE_ID,ACCIDENT_YEAR,PROC_DATE,JURIS,COLLISION_DATE,COLLISION_TIME,OFFICER_ID,REPORTING_DISTRICT,DAY_OF_WEEK,CHP_SHIFT,POPULATION,CNTY_CITY_LOC,SPECIAL_COND,BEAT_TYPE,CHP_BEAT_TYPE,CITY_DIVISION_LAPD,CHP_BEAT_CLASS,BEAT_NUMBER,PRIMARY_RD,SECONDARY_RD,DISTANCE,DIRECTION,INTERSECTION,WEATHER_1,WEATHER_2,STATE_HWY_IND,CALTRANS_COUNTY,CALTRANS_DISTRICT,STATE_ROUTE,ROUTE_SUFFIX,POSTMILE_PREFIX,POSTMILE,LOCATION_TYPE,RAMP_INTERSECTION,SIDE_OF_HWY,TOW_AWAY,COLLISION_SEVERITY,NUMBER_KILLED,NUMBER_INJURED,PARTY_COUNT,PRIMARY_COLL_FACTOR,PCF_CODE_OF_VIOL,PCF_VIOL_CATEGORY,PCF_VIOLATION,PCF_VIOL_SUBSECTION,HIT_AND_RUN,TYPE_OF_COLLISION,MVIW,PED_ACTION,ROAD_SURFACE,ROAD_COND_1,ROAD_COND_2,LIGHTING,CONTROL_DEVICE,CHP_ROAD_TYPE,PEDESTRIAN_ACCIDENT,BICYCLE_ACCIDENT,MOTORCYCLE_ACCIDENT,TRUCK_ACCIDENT,NOT_PRIVATE_PROPERTY,ALCOHOL_INVOLVED,STWD_VEHTYPE_AT_FAULT,CHP_VEHTYPE_AT_FAULT,COUNT_SEVERE_INJ,COUNT_VISIBLE_INJ,COUNT_COMPLAINT_PAIN,COUNT_PED_KILLED,COUNT_PED_INJURED,COUNT_BICYCLIST_KILLED,COUNT_BICYCLIST_INJURED,COUNT_MC_KILLED,COUNT_MC_INJURED,PRIMARY_RAMP,SECONDARY_RAMP,LATITUDE,LONGITUDE,COUNTY,CITY,POINT_X,POINT_Y
90803329,2018,2018-09-04,9175,2018-08-29,1805,016084,,3,2,9,5300,0,3,5,,2,001,"RED HILL ROAD","SENGER ROAD",18.00,W,N,A,-,N,,,,,,,,,,Y,2,0,5,1,A,-,01,23152,A,N,E,I,A,A,H,-,A,D,0,,,,,Y,Y,A,01,1,4,0,0,0,0,0,0,0,"- ","- ",40.445499420166016,-123.04429626464844,TRINITY,UNINCORPORATED,-123.07844543457031,40.748584747314453
90973624,2019,2019-05-01,9175,2019-02-07,1635,020804,,4,2,9,5300,0,3,5,,2,002,SR-3,"JORDAN RD",2000.00,S,N,B,-,Y,,,3,,,,,,,N,1,1,1,1,A,-,08,22107,,N,E,I,A,B,H,-,B,D,0,,,,,Y,,A,01,0,1,0,0,0,0,0,0,0,"- ","- ",40.618431091308594,-122.97799682617188,TRINITY,UNINCORPORATED,-122.97801208496094,40.618476867675781
90768104,2018,2018-07-12,9175,2018-07-07,2130,021253,,6,2,9,5300,0,1,3,,1,021,SR3,"RT 36",21120.00,S,N,A,-,Y,,,3,,,,,,,Y,2,0,1,1,A,-,01,23152,A,N,E,I,A,A,H,-,D,D,0,,,,,Y,Y,D,22,1,0,0,0,0,0,0,0,0,"- ","- ",40.521251678466797,-123.18045043945312,TRINITY,UNINCORPORATED,-123.18041229248047,40.521251678466797
6611198,2014,2014-09-18,9175,2014-08-22,1830,018552,,5,2,9,5300,0,3,5,,2,002,"CHROME MINE RD","TRINITY PINES RD",335.00,N,N,A,-,N,,,,,,,,,,Y,2,0,3,1,A,-,03,22350,,N,E,I,A,A,H,-,A,D,0,,,,,Y,,D,22,1,1,1,0,0,0,0,0,0,"- ","- ",,,TRINITY,UNINCORPORATED,-123.20984,40.417279999999998
90497980,2017,2017-07-11,9175,2017-07-01,1645,018507,,6,2,9,5300,0,1,3,,1,012,"SR-299 W/B","ROSE ROAD",2112.00,W,N,A,-,Y,,,,,,,,,,Y,2,0,2,1,A,-,03,22350,,N,F,A,A,A,H,-,A,D,0,,,,,Y,,A,07,1,1,0,0,0,0,0,0,0,"- ","- ",,,TRINITY,UNINCORPORATED,-123.21637343,40.741414390000003
90897674,2018,2019-01-04,9175,2018-12-29,0950,019479,,6,1,9,5300,0,1,3,,1,012,SR-299,"CORRAL BOTTOM RD",528.00,E,N,A,-,Y,,,299,,,,,,,Y,2,0,2,1,A,-,08,22107,,N,E,I,A,A,H,-,A,D,0,,,,,Y,,D,22,1,1,0,0,0,0,0,0,0,"- ","- ",40.739200592041016,-123.24910736083984,TRINITY,UNINCORPORATED,-123.24910736083984,40.739261627197266
91318573,2020,2020-10-06,9175,2020-09-20,2500,019811,,7,4,9,5300,0,1,3,,2,014,SR-299,"BURNT RANCH DUMP RD",749.00,E,N,A,-,Y,,,299,,,,,,,Y,1,1,0,1,A,-,08,22107,,N,E,I,A,A,H,-,B,D,0,,,,,Y,,A,01,0,0,0,0,0,0,0,0,0,"- ","- ",40.793048858642578,-123.45635223388672,TRINITY,UNINCORPORATED,-123.45633697509766,40.793060302734375
6989709,2015,2015-07-21,9175,2015-07-02,1552,018433,,4,2,9,5300,0,3,5,,2,001,"BRANNAN ST","HALLS ALLEY",0.00,,Y,A,-,N,,,,,,,,,,N,2,0,1,2,A,-,09,21804,A,N,D,G,A,A,H,-,A,D,0,,Y,,,Y,,L,04,1,0,0,0,0,0,1,0,0,"- ","- ",,,TRINITY,UNINCORPORATED,-122.93706994999999,40.729569949999998
90086527,2015,2016-11-16,9175,2015-11-28,2500,014636,,6,4,9,5300,0,1,3,,2,013,SR-299,"USFS ROAD 4",21120.00,W,N,A,-,Y,,,299,,,,,,,Y,1,2,0,1,A,-,08,22107,,N,E,I,A,A,H,-,D,D,0,,,,,Y,,D,22,0,0,0,0,0,0,0,0,0,"- ","- ",40.78877,-123.41696,TRINITY,UNINCORPORATED,-123.41690801999999,40.788727940000001
90825730,2018,2018-10-01,9175,2018-09-22,1230,020464,,6,1,9,5300,0,1,3,,1,022,SR-36,"SOUTH FORK MOUNTAIN RD",6864.00,E,N,A,-,Y,,,36,,,,,,,Y,1,1,0,1,A,-,08,22107,,N,E,I,A,A,H,-,A,D,0,,,Y,,Y,,C,02,0,0,0,0,0,0,0,1,0,"- ","- ",40.393329620361328,-123.41335296630859,TRINITY,UNINCORPORATED,-123.41338348388672,40.393260955810547
90009027,2015,2015-10-19,9175,2015-08-13,1400,018469,,4,2,9,5300,0,1,3,,1,011,SR-299,"UNION HILL RD",0.00,,Y,A,-,Y,,,,,,,,,,Y,2,0,2,2,A,-,05,21460,A,N,D,C,A,A,H,-,A,D,0,,,Y,,Y,,C,02,2,0,0,0,0,0,0,0,2,"- ","- ",,,TRINITY,UNINCORPORATED,-122.94358993,40.672819959999998
91092996,2019,2019-10-08,9175,2019-10-06,1335,020786,,7,1,9,5300,0,1,3,,1,011,"SR-299 EB","OREGON SUMMIT",1320.00,E,N,A,-,Y,,,299,,,,,,E,Y,2,0,1,1,A,-,08,22107,,N,E,I,A,A,H,-,A,D,0,,,Y,,Y,,C,02,1,0,0,0,0,0,0,0,1,"- ","- ",40.73992919921875,-122.98036956787109,TRINITY,UNINCORPORATED,-122.98049163818359,40.740024566650391
6611170,2014,2014-09-18,9175,2014-08-23,0045,018958,,6,3,9,5300,0,3,5,,2,002,"TULE CREEK RD","JESSEE RD",1584.00,W,N,A,-,N,,,,,,,,,,Y,2,0,2,1,A,-,01,23152,A,N,E,I,A,A,H,-,D,D,0,,,,,Y,Y,D,22,2,0,0,0,0,0,0,0,0,"- ","- ",,,TRINITY,UNINCORPORATED,-123.21260913,40.54451092
90761792,2018,2018-07-03,9175,2018-06-29,2120,020464,,5,2,9,5300,0,3,5,,2,001,"LEWISTON TURNPIKE RD","TRINITY DAM BLVD",1056.00,W,N,A,-,N,,,,,,,,,,Y,2,0,1,1,A,-,08,22107,,N,E,I,A,A,H,-,D,D,0,,,,,Y,,A,07,1,0,0,0,0,0,0,0,0,"- ","- ",40.705448150634766,-122.80296325683594,TRINITY,UNINCORPORATED,-122.80338287353516,40.705604553222656
91285545,2020,2020-08-13,9175,2020-08-09,1600,020722,,7,2,9,5300,0,3,5,,2,002,"UNKNOWN LOCATION",UNKNOWN,0.00,N,N,A,-,N,,,,,,,,,,N,2,0,1,1,A,-,03,22350,,N,F,A,A,A,H,-,A,D,0,,,Y,,Y,,C,02,1,0,0,0,0,0,0,0,1,"- ","- ",,,TRINITY,UNINCORPORATED,,
91009199,2019,2019-06-13,9175,2019-06-11,0005,020722,,2,3,9,5300,0,1,3,,2,014,"SR-299 E/B","WESTGATE DR",528.00,W,N,A,-,Y,,,299,,,,,,E,Y,2,0,2,1,A,-,08,22107,,N,F,I,A,A,H,-,D,D,0,,,,,Y,,A,07,1,1,0,0,0,0,0,0,0,"- ","- ",40.888290405273438,-123.56025695800781,TRINITY,UNINCORPORATED,-123.560302734375,40.888294219970703
91138028,2019,2019-12-06,9175,2019-10-29,2019,018507,,2,2,9,5300,0,1,3,,1,011,SR-299,"STEINER FLAT ROAD",795.00,E,N,A,-,Y,,,299,,,,,,,Y,1,2,3,2,A,-,05,21460,A,N,A,C,A,A,H,-,C,D,0,,,,,Y,,D,22,2,0,1,0,0,0,0,0,0,"- ","- ",40.651409149169922,-122.94093322753906,TRINITY,UNINCORPORATED,-122.94091796875,40.651451110839844
91025217,2019,2019-07-05,9175,2019-07-02,1715,019877,,2,2,9,5300,0,1,3,,1,011,SR-299,"TRINCO RD",2112.00,W,N,A,-,Y,,,299,,,,,,,Y,2,0,1,2,A,-,01,23152,A,N,D,C,A,A,H,-,A,D,0,,,Y,,Y,Y,A,01,1,0,0,0,0,0,0,0,1,"- ","- ",40.735870361328125,-122.96337890625,TRINITY,UNINCORPORATED,-122.96330261230469,40.735988616943359
91069052,2019,2019-09-06,9175,2019-08-31,1155,020464,,6,1,9,5300,0,1,3,,1,012,SR-299,"EAST FORK ROAD",4752.00,W,N,A,-,Y,,,299,,,,,,,Y,2,0,1,1,A,-,08,22107,,N,F,A,A,A,H,-,A,D,0,,,Y,,Y,,C,02,1,0,0,0,0,0,0,0,1,"- ","- ",40.764991760253906,-123.13632965087891,TRINITY,UNINCORPORATED,-123.13634490966797,40.764995574951172
91309334,2020,2020-09-22,9175,2020-09-17,1155,020722,,4,1,9,5300,0,1,3,,2,014,"SR-299 W/B","S FORK RD",3168.00,E,N,A,-,Y,,,299,,,,,,W,Y,2,0,2,1,A,-,03,22350,,N,E,I,A,A,H,-,A,D,0,,,,,Y,,D,22,1,1,0,0,0,0,0,0,0,"- ","- ",40.886428833007812,-123.58824920654297,TRINITY,UNINCORPORATED,-123.58824920654297,40.886386871337891
91683859,2022,2022-01-24,9175,2022-01-06,1250,019479,,4,1,9,5300,0,1,3,,1,021,SR-3,"BEALS STREET",250.00,N,N,A,-,Y,TRI,,3,,,7.463,H,,R,Y,2,0,2,2,A,-,08,22107,,N,A,C,A,A,H,-,A,A,0,,,,,Y,,A,01,1,0,1,0,0,0,0,0,0,"- ","- ",40.5543212890625,-123.17658233642578,TRINITY,UNINCORPORATED,-123.17658996582031,40.554363250732422
92433911,2024,2024-07-09,9175,2024-06-26,1810,019432,,3,2,9,5300,0,1,3,,1,017,SR-3,"MILE POST MARKER 3 TRI 64.36",146.00,N,N,A,-,Y,TRI,,3," "," ",64.389,H,,R,N,2,0,1,1,A,-,08,22107,,N,F,I,A,A,H,-,A,D,0,,,Y,,Y,,C,02,1,0,0,0,0,0,0,0,1,"- ","- ",41.038871765136719,-122.69988250732422,TRINITY,UNINCORPORATED,-122.69989013671875,41.038864135742188
92332412,2024,2024-03-07,9175,2024-02-25,"212 ",021253,,7,3,9,5300,0,1,3,,1,020,SR-3,"MPM 3 TRI 30.41",30.00,S,N,B,-,Y,TRI,,3," "," ",30.474,H,,R,Y,2,0,1,1,A,-,01,23152,A,N,E,8,A,A,H,-,D,D,0,,,,,Y,Y,A,01,1,0,0,0,0,0,0,0,0,"- ","- ",40.6480712890625,-122.94583892822266,TRINITY,UNINCORPORATED,-122.94586181640625,40.648105621337891
92075710,2023,2023-05-23,9175,2023-05-14,"430 ",019479,,7,3,9,5300,0,3,5,,2,002,"HYAMPOM RD","HYAMPOM DUMP ROAD",36960.00,W,N,A,-,N,,,,,,,,,,Y,2,0,1,1,A,-,08,22107,,N,F,A,A,A,H,-,D,D,0,,,,,Y,,A,07,1,0,0,0,0,0,0,0,0,"- ","- ",40.617279052734375,-123.30734252929688,TRINITY,UNINCORPORATED,-123.46537780761719,40.620418548583984
90999149,2019,2019-07-16,9175,2019-05-10,1345,020580,,5,1,9,5300,0,1,3,,1,017,SR-3,"RAMSHORN RD",6864.00,N,N,A,-,Y,,,3,,,,,,,Y,1,1,0,1,A,-,01,23152,A,N,F,A,A,A,B,-,A,D,0,,,Y,,Y,Y,C,02,0,0,0,0,0,0,0,1,0,"- ","- ",41.170688629150391,-122.66355895996094,TRINITY,UNINCORPORATED,-122.66364288330078,41.170806884765625
92175857,2023,2023-10-02,9175,2023-09-12,1256,020464,,2,1,9,5300,0,1,3,,1,010,SR-299,"FAWN LODGE RD",1320.00,W,N,A,-,Y,TRI,,299," "," ",64.954,H,,R,Y,2,0,2,4,A,-,03,22350,,N,C,C,A,A,D,-,A,A,0,,,,,Y,,D,22,1,1,0,0,0,0,0,0,0,"- ","- ",40.674598693847656,-122.83656311035156,TRINITY,UNINCORPORATED,-122.8365478515625,40.674552917480469
6499068,2014,2015-11-19,9175,2014-04-20,1040,15928,,7,1,9,5300,0,1,3,,1,022,"RT 26","RT 3",34320.00,E,N,A,-,Y,TRI,2,36,-,R,35.150,H,-,W,Y,2,0,2,1,A,-,08,22107,,N,F,A,A,A,H,-,A,D,0,,,Y,,Y,,C,02,1,1,0,0,0,0,0,0,2,"- ","- ",40.392139999999998,-123.10653000000001,TRINITY,UNINCORPORATED,-123.10599825,40.392377670000002
6518623,2014,2014-07-30,9175,2014-05-28,1730,16084,,3,2,9,5300,0,3,5,,2,002,"STEINER FLAT RD","SCHOOL HOUSE RD",6864.00,W,N,A,-,N,,,,,,,,,,Y,2,0,1,1,C,-,18,,,N,H,A,A,A,H,-,A,D,0,,,,,Y,Y,-,"- ",1,0,0,0,0,0,0,0,0,"- ","- ",,,TRINITY,UNINCORPORATED,-122.95781599999999,40.659317999999999
90855977,2018,2018-11-08,9175,2018-11-01,1641,018507,,4,2,9,5300,0,1,3,,1,012,SR-299,"POWER HOUSE RD",8448.00,W,N,A,-,Y,,,299,,,,,,,Y,2,0,1,1,A,-,13,22515,A,N,E,B,A,A,H,-,A,D,0,,,,,Y,,A,07,1,0,0,0,0,0,0,0,0,"- ","- ",40.767391204833984,-123.09358215332031,TRINITY,UNINCORPORATED,-123.09361267089844,40.767482757568359
90264705,2016,2016-09-09,9175,2016-08-06,1836,019683,,6,2,9,5300,0,3,5,,2,001,"LEWISTON RD","SCHOOL HOUSE RD",480.00,W,N,A,-,N,,,,,,,,,,Y,2,0,1,1,A,-,03,22350,,N,F,A,A,A,H,-,A,D,0,,,,,Y,,D,22,1,0,0,0,0,0,0,0,0,"- ","- ",40.420999999999999,-122.4829,TRINITY,UNINCORPORATED,-122.8079063,40.702938940000003
90390462,2017,2017-02-10,9175,2017-02-03,1813,020464,,5,2,9,5300,0,3,5,,2,002,"RED HILL ROAD","HOCKER MEADOW RD",2640.00,E,N,B,C,N,,,,,,,,,,Y,2,0,3,1,A,-,03,22350,,N,F,I,A,B,H,-,D,D,0,,,,,Y,Y,A,07,1,0,2,0,0,0,0,0,0,"- ","- ",40.752400000000002,-123.08240000000001,TRINITY,UNINCORPORATED,-123.08424019,40.750253579999999
6978902,2015,2016-11-04,9175,2015-06-13,1025,017698,,6,1,9,5300,0,1,3,,1,022,"RT 36","SOUTH FORK MOUNTAIN RD",15840.00,W,N,A,-,Y,TRI,2,36,-,R,6.120,H,-,W,Y,2,0,2,2,A,-,05,21460,A,N,A,C,A,A,H,-,A,D,0,,,Y,,Y,,C,02,2,0,0,0,0,0,0,0,2,"- ","- ",,,TRINITY,UNINCORPORATED,-123.46229365000001,40.429913480000003
91744286,2022,2022-04-08,9175,2022-04-01,2335,020363,,5,3,9,5300,0,2,S,,2,004,"RUTH ZENIA RD","LOWER MAD RIVER RD.",20.00,W,N,A,-,N,,,,,,,,,,N,2,0,2,1,A,-,01,23153,A,N,F,I,A,A,H,-,D,D,0,,,Y,,Y,Y,C,06,1,1,0,0,0,0,0,0,2,"- ","- ",40.2847900390625,-123.33277893066406,TRINITY,UNINCORPORATED,,
92222992,2023,2023-10-31,9175,2023-10-21,1115,021161,,6,1,9,5300,0,1,3,,1,021,SR-3,"SR-36 W/B",11774.00,N,N,A,-,Y,SIS,,3," "," ",24.300,H,,R,N,2,0,1,1,A,-,03,22350,,N,E,J,A,A,H,-,A,D,0,,,Y,,Y,,C,02,1,0,0,0,0,0,0,0,1,"- ","- ",41.503078460693359,-122.90656280517578,TRINITY,UNINCORPORATED,-122.90659332275391,41.503078460693359
6923909,2015,2016-11-04,9175,2015-04-23,1015,14636,,4,1,9,5300,0,1,3,,1,021,"RT 3","BIG CREEK RD",654.00,S,N,B,-,Y,TRI,2,3,-,-,9.180,H,-,S,Y,2,0,1,2,A,-,03,22350,,N,C,C,A,A,H,-,A,D,0,,,,Y,Y,,A,07,1,0,0,0,0,0,0,0,0,"- ","- ",,,TRINITY,UNINCORPORATED,-123.14466804,40.552433829999998
91403230,2019,2021-02-08,9175,2019-11-04,1401,18328,,1,2,9,5300,0,1,3,,1,012,"STATE ROUTE 299","POWER HOUSE RD",101.00,W,N,A,-,Y,,,299,,,,,,,Y,2,0,2,2,A,-,08,22107,,N,D,C,A,A,H,-,A,D,0,,,,Y,Y,,J,48,1,0,1,0,0,0,0,0,0,"- ","- ",40.75579833984375,-123.06620025634766,TRINITY,UNINCORPORATED,-123.06623077392578,40.755794525146484
91925849,2022,2022-11-23,9175,2022-11-13,1345,019877,,7,1,9,5300,0,1,3,,1,011,SR-299,"WASHINGTON ST",20.00,E,N,A,-,Y,TRI,,299,,,52.072,H,,R,N,2,0,2,1,A,-,03,22350,,N,E,I,A,A,H,-,A,D,0,,,Y,,Y,,C,06,2,0,0,0,0,0,0,0,2,"- ","- ",40.7275390625,-122.93602752685547,TRINITY,UNINCORPORATED,-122.93614959716797,40.727428436279297
6876833,2015,2015-04-28,9175,2015-03-12,1420,018552,,4,2,9,5300,0,3,5,,2,002,"MORGAN HILL RD","OAK AV",528.00,N,N,A,-,N,,,,,,,,,,Y,2,0,1,2,A,-,04,21703,,N,C,C,A,A,H,-,A,D,0,,,Y,,Y,,C,02,1,0,0,0,0,0,0,0,1,"- ","- ",,,TRINITY,UNINCORPORATED,-123.17038888,40.547457610000002
91798320,2022,2022-06-20,9175,2022-06-02,1220,018328,,4,1,9,5300,0,3,5,,2,001,"WEAVER BALLY RD",MEMORIAL,3168.00,W,N,A,-,N,,,,,,,,,,Y,2,0,1,1,A,-,08,22107,,N,F,A,A,A,A,B,A,D,0,,,,,Y,,A,07,1,0,0,0,0,0,0,0,0,"- ","- ",40.745559692382812,-122.95001983642578,TRINITY,UNINCORPORATED,-122.95018005371094,40.742862701416016
94734819,2025,2025-06-23,9175,2025-06-12,1930,024195,,4,2,9,5300,0,1,3,,1,021,SR-3,"SUMMIT CREEK RD",528.00,S,N,A,-,Y,TRI,,3," "," ",18.288,H,,R,N,2,0,1,1,A,-,08,22107,,N,E,I,A,A,H,-,A,D,0,,,,,Y,,-,"- ",1,0,0,0,0,0,0,0,0,"- ","- ",40.594089508056641,-123.01528930664062,TRINITY,UNINCORPORATED,-123.01522827148438,40.594104766845703
90721857,2018,2018-05-08,9175,2018-04-30,1543,020786,,1,2,9,5300,0,1,3,,1,021,SR-3,SR-36,686.00,N,N,A,-,Y,,,,,,,,,,N,2,0,1,1,A,-,03,22350,,N,F,A,A,A,H,-,A,D,0,,,Y,,Y,,C,02,1,0,0,0,0,0,0,0,1,"- ","- ",40.252059936523438,-123.10283660888672,TRINITY,UNINCORPORATED,-123.17405700683594,40.421566009521484
91445585,2021,2021-04-07,9175,2021-04-01,1130,15928,,4,1,9,5300,0,1,3,,1,011,"STATE ROUTE 299","CASTLE ROAD",1584.00,W,N,A,-,Y,,,299,,,,,,,Y,2,0,1,1,A,-,03,22350,,N,F,A,A,A,H,-,A,D,0,,,Y,,Y,,C,02,1,0,0,0,0,0,0,0,1,"- ","- ",40.742240905761719,-122.99813079833984,TRINITY,UNINCORPORATED,-122.99814605712891,40.742225646972656
90992906,2019,2019-05-21,9175,2019-05-18,1220,018268,,6,1,9,5300,0,3,5,,2,001,"SOUTH FORK ROAD",SR-299,3115.00,S,N,B,C,N,,,,,,,,,,Y,2,0,1,1,A,-,08,22107,,N,F,I,A,B,H,-,A,D,0,,,Y,,Y,,C,02,1,0,0,0,0,0,0,0,1,"- ","- ",40.883480072021484,-123.59297943115234,TRINITY,UNINCORPORATED,-123.59314727783203,40.883777618408203
91292328,2020,2020-08-25,9175,2020-07-22,2310,020464,,3,3,9,5300,0,3,5,,2,002,"SOUTH FORK ROAD",SR-299,6864.00,S,N,A,-,N,,,,,,,,,,Y,1,1,0,1,A,-,01,23152,A,N,E,I,A,A,H,-,D,D,0,,,,,Y,Y,D,22,0,0,0,0,0,0,0,0,0,"- ","- ",40.875858306884766,-123.59416198730469,TRINITY,UNINCORPORATED,-123.59303283691406,40.876327514648438
91274808,2020,2020-07-27,9175,2020-07-20,2105,021253,,1,2,9,5300,0,1,3,,1,010,SR-299,"TRINITY DAM BLVD",11088.00,E,N,A,-,Y,,,,,,,,,,Y,2,0,1,1,A,-,08,22107,,N,F,A,A,A,H,-,C,D,0,,,,,Y,,D,22,1,0,0,0,0,0,0,0,0,"- ","- ",,,TRINITY,UNINCORPORATED,-122.76437377929688,40.655281066894531
6290746,2014,2014-08-20,9175,2014-04-20,1815,18552,,7,2,9,5300,0,1,3,,1,022,"RT 36","RT 3",21120.00,E,N,A,-,Y,TRI,2,36,-,R,32.750,H,-,W,Y,1,1,0,1,A,-,01,23152,F,N,E,I,A,A,H,-,A,D,0,,,,,Y,Y,D,22,0,0,0,0,0,0,0,0,0,"- ","- ",,,TRINITY,UNINCORPORATED,-123.12543404,40.399857089999998
91542862,2021,2021-08-11,9175,2021-07-05,2122,020683,,1,2,9,5300,0,1,3,,1,021,"STATE ROUTE (SR) 3","WILDWOOD ROAD",1584.00,N,N,A,-,Y,,,3,,,,,,,N,1,1,0,2,A,-,11,21954,A,N,G,B,E,A,H,-,D,D,0,Y,,,,Y,,N,60,0,0,0,1,0,0,0,0,0,"- ","- ",40.567249298095703,-123.10485076904297,TRINITY,UNINCORPORATED,-123.10487365722656,40.5672607421875
92400022,2024,2024-05-28,9175,2024-05-17,1750,021827,,5,2,9,5300,0,1,3,,1,012,SR-299,"EAST FORK ROAD",4752.00,W,N,A,-,Y,TRI,,299," "," ",36.003,H,,R,Y,2,0,1,1,A,-,03,22350,,N,E,I,A,A,H,-,A,A,0,,,,Y,Y,,G,25,1,0,0,0,0,0,0,0,0,"- ","- ",40.765518188476562,-123.13627624511719,TRINITY,UNINCORPORATED,-123.13630676269531,40.765510559082031
91830216,2022,2022-08-01,9175,2022-07-23,0115,020363,,6,3,9,5300,0,1,3,,1,011,"NUGGET LN.",SR-299,275.00,W,N,A,-,N,,,,,,,,,,N,2,0,1,1,A,-,00,21221,,N,E,I,A,A,H,-,C,D,0,,,,,Y,Y,M,94,1,0,0,0,0,0,0,0,0,"- ","- ",40.720809936523438,-122.92868804931641,TRINITY,UNINCORPORATED,-122.92871856689453,40.720832824707031
90798765,2018,2018-08-27,9175,2018-08-20,0130,021253,,1,3,9,5300,0,1,3,,1,021,SR-3,SR-36,6336.00,S,N,A,-,Y,,,3,,,,,,,Y,2,0,1,1,A,-,08,22107,,N,E,I,A,A,H,-,D,D,0,,,,,Y,,J,48,1,0,0,0,0,0,0,0,0,"- ","- ",40.425220489501953,-123.15840911865234,TRINITY,UNINCORPORATED,-123.15840911865234,40.425212860107422
91513465,2021,2021-07-06,9175,2021-06-28,1320,020464,,1,1,9,5300,0,3,5,,2,002,"FOREST RTE 31N42","KINGSBURY RD",2640.00,S,N,A,-,N,,,,,,,,,,Y,2,0,1,1,A,-,08,22107,,N,F,I,A,A,A,B,A,D,0,,,,,Y,,A,07,1,0,0,0,0,0,0,0,0,"- ","- ",40.505298614501953,-123.14425659179688,TRINITY,UNINCORPORATED,-123.11730194091797,40.508274078369141
94729455,2025,2025-06-17,9175,2025-06-09,1248,015928,,1,1,9,5300,0,1,3,,1,016,"STATE ROUTE 3","BUCKEYE CREEK ROAD",7392.00,S,N,A,-,Y,TRI,,3," "," ",63.103,H,,R,Y,2,0,1,1,A,-,08,22107,,N,E,8,A,A,H,-,A,D,0,,,,Y,Y,,F,25,1,0,0,0,0,0,0,0,0,"- ","- ",41.0224609375,-122.69216918945312,TRINITY,UNINCORPORATED,-122.69229888916016,41.022445678710938
90919325,2019,2019-02-05,9175,2019-01-26,1728,018507,,6,2,9,5300,0,3,5,,2,001,"LITTLE BROWNS CREEK ROAD","LANDECENA DRIVE",528.00,N,N,A,-,N,,,,,,,,,,Y,2,0,1,2,A,-,01,23152,A,N,A,C,A,A,H,-,D,D,0,,,,,Y,Y,A,01,1,0,0,0,0,0,0,0,0,"- ","- ",40.719741821289062,-122.89820861816406,TRINITY,UNINCORPORATED,-122.89797973632812,40.719837188720703