CASE_ID,ACCIDENT_YEAR,PROC_DATE,JURIS,COLLISION_DATE,COLLISION_TIME,OFFICER_ID,REPORTING_DISTRICT,DAY_OF_WEEK,CHP_SHIFT,POPULATION,CNTY_CITY_LOC,SPECIAL_COND,BEAT_TYPE,CHP_BEAT_TYPE,CITY_DIVISION_LAPD,CHP_BEAT_CLASS,BEAT_NUMBER,PRIMARY_RD,SECONDARY_RD,DISTANCE,DIRECTION,INTERSECTION,WEATHER_1,WEATHER_2,STATE_HWY_IND,CALTRANS_COUNTY,CALTRANS_DISTRICT,STATE_ROUTE,ROUTE_SUFFIX,POSTMILE_PREFIX,POSTMILE,LOCATION_TYPE,RAMP_INTERSECTION,SIDE_OF_HWY,TOW_AWAY,COLLISION_SEVERITY,NUMBER_KILLED,NUMBER_INJURED,PARTY_COUNT,PRIMARY_COLL_FACTOR,PCF_CODE_OF_VIOL,PCF_VIOL_CATEGORY,PCF_VIOLATION,PCF_VIOL_SUBSECTION,HIT_AND_RUN,TYPE_OF_COLLISION,MVIW,PED_ACTION,ROAD_SURFACE,ROAD_COND_1,ROAD_COND_2,LIGHTING,CONTROL_DEVICE,CHP_ROAD_TYPE,PEDESTRIAN_ACCIDENT,BICYCLE_ACCIDENT,MOTORCYCLE_ACCIDENT,TRUCK_ACCIDENT,NOT_PRIVATE_PROPERTY,ALCOHOL_INVOLVED,STWD_VEHTYPE_AT_FAULT,CHP_VEHTYPE_AT_FAULT,COUNT_SEVERE_INJ,COUNT_VISIBLE_INJ,COUNT_COMPLAINT_PAIN,COUNT_PED_KILLED,COUNT_PED_INJURED,COUNT_BICYCLIST_KILLED,COUNT_BICYCLIST_INJURED,COUNT_MC_KILLED,COUNT_MC_INJURED,PRIMARY_RAMP,SECONDARY_RAMP,LATITUDE,LONGITUDE,COUNTY,CITY,POINT_X,POINT_Y
91255091,2020,2020-06-22,9175,2020-06-12,1640,018507,,5,2,9,5300,0,1,3,,1,010,SR-299,"TRINITY DAM BOULEVARD",5280.00,E,N,C,-,Y,,,,,,,,,,Y,2,0,3,2,A,-,03,22350,,N,A,C,A,B,H,-,A,D,0,,,,,Y,,A,07,1,2,0,0,0,0,0,0,0,"- ","- ",40.393600463867188,-122.46430206298828,TRINITY,UNINCORPORATED,-122.77984619140625,40.662872314453125
94600519,2025,2025-03-18,9175,2025-02-27,1535,019877,,4,2,9,5300,0,1,3,,1,011,SR-299,"299 TRI MPM 57.77",70.00,W,N,A,-,Y,TRI,,299," "," ",57.721,H,,R,Y,2,0,3,2,A,-,08,22107,,N,A,C,A,A,H,-,A,D,0,,,,,Y,,E,22,1,2,0,0,0,0,0,0,0,"- ","- ",40.655319213867188,-122.94252014160156,TRINITY,UNINCORPORATED,-122.94259643554688,40.655315399169922
91795026,2022,2022-06-14,9175,2022-06-11,1120,020004,,6,1,9,5300,0,1,3,,2,013,"SR-299 W/B","PRAIRIE CREEK RD",2640.00,W,N,B,-,Y,,,,,,,,,,Y,2,0,1,1,A,-,08,22107,,N,F,I,A,A,H,-,A,D,0,,,Y,,Y,,C,02,1,0,0,0,0,0,0,0,1,"- ","- ",40.465740203857422,-123.29208374023438,TRINITY,UNINCORPORATED,-123.29230499267578,40.766036987304688
90768895,2018,2018-07-13,9175,2018-07-07,0650,019485,,6,1,9,5300,0,1,3,,1,011,SR-299,"SLATTERY GULCH RD",2112.00,E,N,A,-,Y,,,299,,,,,,,Y,2,0,1,1,A,-,03,22350,,N,F,I,A,A,H,-,A,D,0,,,,Y,Y,,G,25,1,0,0,0,0,0,0,0,0,"- ","- ",40.735008239746094,-123.01573944091797,TRINITY,UNINCORPORATED,-123.01584625244141,40.735248565673828
91683778,2022,2022-01-24,9175,2022-01-14,0826,020464,,5,1,9,5300,0,3,5,,2,001,"RUSH CREEK RD",SR-3,1320.00,E,N,B,-,N,,,,,,,,,,Y,2,0,1,1,A,-,03,22350,,N,E,I,A,C,H,-,A,D,0,,,,,Y,,A,01,1,0,0,0,0,0,0,0,0,"- ","- ",40.793071746826172,-122.88881683349609,TRINITY,UNINCORPORATED,-122.89055633544922,40.795219421386719
91616490,2021,2021-11-04,9175,2021-10-02,2500,018645,,6,4,9,5300,0,1,3,,1,011,"STATE ROUTE 3","STROPE CREEK ROAD",1985.00,N,N,A,-,Y,,,3,,,,,,,Y,1,1,0,1,A,-,08,22107,,N,E,8,A,A,H,-,A,D,0,,,Y,,Y,,C,02,0,0,0,0,0,0,0,1,0,"- ","- ",40.897251129150391,-122.79139709472656,TRINITY,UNINCORPORATED,-122.79129791259766,40.897182464599609
91026035,2019,2019-07-08,9175,2019-07-04,2000,020722,,4,2,9,5300,0,3,5,,2,002,"MAD RIVER RD","HOBART CREEK RD",763.00,S,N,A,-,N,,,,,,,,,,N,2,0,1,1,C,-,18,,,N,H,H,A,A,H,-,B,D,0,,,Y,,Y,,-,"- ",1,0,0,0,0,0,0,0,1,"- ","- ",40.312191009521484,-123.35626220703125,TRINITY,UNINCORPORATED,-123.35723876953125,40.313186645507812
92204085,2023,2023-10-19,9175,2023-10-07,1900,021253,,6,2,9,5300,0,3,5,,2,002,"WASHINGTON STREET","MILL STREET",50.00,E,N,A,-,N,,,,,,,,,,N,2,0,1,1,A,-,01,23152,A,N,F,A,A,A,H,-,D,D,0,,,Y,,Y,Y,C,06,1,0,0,0,0,0,0,0,1,"- ","- ",40.726428985595703,-122.93807983398438,TRINITY,UNINCORPORATED,-122.93794250488281,40.726459503173828
93589393,2024,2024-08-05,9175,2024-07-31,"325 ",021035,,3,3,9,5300,0,1,3,,2,014,"SR-299 E/B","WESTGATE DR",635.00,W,N,A,-,Y,TRI,,299," "," ",2.797,H,,R,Y,2,0,1,1,A,-,01,23152,A,N,F,A,A,A,H,-,D,D,0,,,,,Y,Y,D,22,1,0,0,0,0,0,0,0,0,"- ","- ",40.888389587402344,-123.56034088134766,TRINITY,UNINCORPORATED,-123.560302734375,40.888389587402344
7008514,2015,2017-01-13,9175,2015-07-09,1835,18469,,4,2,9,5300,0,1,3,,1,016,"RT 3","NORWEGIAN RANCH RD",175.00,N,N,B,-,Y,TRI,2,3,-,-,57.960,H,-,N,Y,2,0,3,1,A,-,01,23153,A,N,E,I,A,B,H,-,A,D,0,,,,,Y,Y,A,07,3,0,0,0,0,0,0,0,0,"- ","- ",,,TRINITY,UNINCORPORATED,-122.72712257000001,40.963590150000002
90278305,2016,2016-09-28,9175,2016-07-14,2500,018250,,4,4,9,5300,0,1,3,,1,012,"SR-299 W/B","POWER HOUSE RD",1056.00,W,N,A,-,Y,,,,,,,,,,Y,1,1,0,1,A,-,01,23152,E,N,E,I,A,A,H,-,A,D,0,,,,,Y,,A,01,0,0,0,0,0,0,0,0,0,"- ","- ",,,TRINITY,UNINCORPORATED,-123.06691076,40.758986790000002
6877610,2015,2016-04-13,9175,2015-03-19,1655,18469,,4,2,9,5300,0,3,5,,2,001,"POKER BAR RD","RT 299",5280.00,N,N,A,-,N,,,,,,,,,,N,2,0,1,1,A,-,03,22350,,N,F,A,A,A,H,-,A,D,0,,Y,,,Y,,L,04,1,0,0,0,0,0,1,0,0,"- ","- ",,,TRINITY,UNINCORPORATED,-122.87559136,40.678878240000003
90453091,2017,2017-05-10,9175,2017-05-02,1930,017031,,2,2,9,5300,0,3,5,,2,002,"LOWER SOUTH FORK ROAD","KERLIN CREEK ROAD",990.00,S,N,A,-,N,,,,,,,,,,Y,1,1,1,1,A,-,01,23152,A,N,E,I,A,A,H,-,A,D,0,,,,,Y,Y,A,07,1,0,0,0,0,0,0,0,0,"- ","- ",40.619300000000003,-123.47318,TRINITY,UNINCORPORATED,-123.47322609,40.619279509999998
90863864,2018,2018-11-20,9175,2018-11-11,0640,018268,,7,1,9,5300,0,1,3,,2,014,SR-299,"SALYER LOOP RD",11616.00,E,N,A,-,Y,,,299,,,,,,,Y,1,1,0,1,A,-,03,22350,,N,E,I,A,C,H,-,D,A,0,,,,,Y,,A,01,0,0,0,0,0,0,0,0,0,"- ","- ",40.883449554443359,-123.55239868164062,TRINITY,UNINCORPORATED,-123.55242919921875,40.883399963378906
91537433,2021,2021-08-05,9175,2021-07-26,1810,018645,,1,2,9,5300,0,1,3,,2,013,SR-299,"ANGIE LANE",1056.00,W,N,A,-,Y,,,299,,,,,,,Y,2,0,5,2,A,-,05,21650,,N,A,C,A,A,H,-,A,D,0,,,,,Y,,D,22,1,0,4,0,0,0,0,0,0,"- ","- ",40.781749725341797,-123.33351898193359,TRINITY,UNINCORPORATED,-123.33355712890625,40.781715393066406
91884017,2022,2022-10-06,9175,2022-10-02,0600,018268,,7,1,9,5300,0,1,3,,1,012,SR-299,"VALDOR RD",8976.00,W,N,A,-,Y,TRI,,299,,,38.425,H,,R,Y,2,0,1,1,A,-,08,22107,,N,E,8,A,A,H,-,D,D,0,,,,,Y,,D,22,1,0,0,0,0,0,0,0,0,"- ","- ",40.76544189453125,-123.10218811035156,TRINITY,UNINCORPORATED,-123.10218811035156,40.76544189453125
90200846,2016,2016-06-14,9175,2016-06-07,0005,019520,,2,3,9,5300,0,3,5,,2,001,"TRINITY DAM BLVD","POWER HOUSE RD",370.00,N,N,A,-,N,,,,,,,,,,Y,2,0,1,1,A,-,03,22350,,N,E,I,A,A,H,-,D,D,0,,,,,Y,,A,07,1,0,0,0,0,0,0,0,0,"- ","- ",40.791519999999998,-122.77018,TRINITY,UNINCORPORATED,-122.77033061,40.788198450000003
91610671,2021,2021-10-29,9175,2021-10-21,2030,020786,,4,2,9,5300,0,1,3,,1,022,"SR-36 W/B","POST MT RD",92.00,W,N,C,-,Y,,,36,,,,,,W,Y,2,0,2,1,A,-,08,22107,,N,E,I,A,B,H,-,D,D,0,,,,,Y,,A,01,1,0,1,0,0,0,0,0,0,"- ","- ",40.416118621826172,-123.18482208251953,TRINITY,UNINCORPORATED,-123.18479156494141,40.416099548339844
91614569,2021,2021-11-03,9175,2021-10-26,1655,019485,,2,2,9,5300,0,1,3,,1,020,SR-299,SR-3,0.00,,Y,B,C,Y,,,299,,,,,,,Y,2,0,5,2,A,-,12,22450,A,N,D,2,A,B,H,-,A,A,0,,,,,Y,,A,07,2,3,0,0,0,0,0,0,0,"- ","- ",40.651321411132812,-122.93923187255859,TRINITY,UNINCORPORATED,-122.93923187255859,40.65130615234375
92380422,2024,2024-05-02,9175,2024-04-26,"130 ",018268,,5,3,9,5300,0,1,3,,1,021,SR-3,"RATTLESNAKE RD",14256.00,N,N,B,-,Y,TRI,,3," "," ",2.847,H,,R,Y,2,0,1,1,A,-,03,22350,,F,E,I,A,B,H,-,D,D,0,,,,,Y,,A,01,1,0,0,0,0,0,0,0,0,"- ","- ",40.503318786621094,-123.17430877685547,TRINITY,UNINCORPORATED,-123.17424011230469,40.503387451171875
91454421,2021,2021-09-21,9175,2021-04-17,2035,020683,,6,2,9,5300,0,3,5,,2,002,"VAN DUZEN RD","LARS LANE",1584.00,S,N,A,-,N,,,,,,,,,,Y,1,1,0,1,A,-,08,22107,,N,E,I,A,A,H,-,D,D,0,,,,,Y,Y,D,22,0,0,0,0,0,0,0,0,0,"- ","- ",40.444190979003906,-123.52626800537109,TRINITY,UNINCORPORATED,-123.52609252929688,40.444572448730469
91035335,2019,2019-07-22,9175,2019-07-20,0920,018268,,6,1,9,5300,0,1,3,,1,011,SR-299,"CASTLE RD",188.00,W,N,A,-,Y,,,299,,,,,,,Y,2,0,4,4,A,-,05,21460,A,N,B,C,A,A,H,-,A,A,0,,,Y,,Y,,C,02,2,1,1,0,0,0,0,0,3,"- ","- ",40.738620758056641,-123.00077056884766,TRINITY,UNINCORPORATED,-123.00078582763672,40.738632202148438
91463593,2021,2021-04-30,9175,2021-04-20,1744,020464,,2,2,9,5300,0,1,3,,1,021,SR-3,"GARDEN GULCH LN",410.00,N,N,B,-,Y,,,3,,,,,,,Y,2,0,2,1,A,-,08,22107,,N,F,J,A,B,H,-,A,D,0,,,,,Y,,D,22,2,0,0,0,0,0,0,0,0,"- ","- ",40.580410003662109,-123.08506011962891,TRINITY,UNINCORPORATED,-123.08506011962891,40.580406188964844
91056859,2019,2019-08-21,9175,2019-08-11,1920,13699,,7,2,9,5300,0,3,5,,2,002,"ZENIA BLUFF RD","MUD CREEK",1584.00,N,N,A,-,N,,,,,,,,,,Y,2,0,1,1,A,-,03,22350,,N,F,A,A,A,H,-,A,D,0,,,Y,,Y,,C,02,1,0,0,0,0,0,0,0,1,"- ","- ",40.202289581298828,-123.52207946777344,TRINITY,UNINCORPORATED,-123.52204895019531,40.202648162841797
91022841,2019,2019-07-02,9175,2019-06-28,0530,019479,,5,3,9,5300,0,1,3,,1,022,SR-36,"WILD MAD RD",528.00,E,N,A,-,Y,,,36,,,,,,,Y,2,0,3,1,A,-,08,22107,,N,E,I,A,A,H,-,B,D,0,,,,,Y,,A,07,2,1,0,0,0,0,0,0,0,"- ","- ",40.389110565185547,-123.06761169433594,TRINITY,UNINCORPORATED,-123.06758880615234,40.389225006103516
92149786,2023,2023-08-22,9175,2023-08-13,1040,019479,,7,1,9,5300,0,1,3,,1,010,SR-299,"BUCKHORN STA LOOP",250.00,W,N,A,-,Y,TRI,,299," "," ",67.956,H,,R,Y,2,0,1,1,A,-,08,22107,,N,E,I,A,A,H,-,A,D,0,,,,,Y,,-,"- ",1,0,0,0,0,0,0,0,0,"- ","- ",40.665058135986328,-122.78721618652344,TRINITY,UNINCORPORATED,-122.78721618652344,40.665153503417969
90334928,2016,2016-12-27,9175,2016-11-09,1715,016084,,3,2,9,5300,0,3,5,,2,002,"TULE CREEK ROAD","GREEN GATE ROAD",474.00,W,N,A,-,N,,,,,,,,,,Y,1,1,0,1,A,-,08,22107,,N,E,I,A,A,H,-,B,D,0,,,,,Y,,A,01,0,0,0,0,0,0,0,0,0,"- ","- ",,,TRINITY,UNINCORPORATED,-123.21947247,40.534426410000002
92119957,2023,2023-07-18,9175,2023-06-30,1735,020722,,5,2,9,5300,0,1,3,,1,021,SR-3,SR-36,10982.00,N,N,A,-,Y,TRI,,3," ",L,2.071,H,,R,Y,1,2,0,1,A,-,08,22107,,N,E,I,A,A,H,-,A,D,0,,,,,Y,Y,A,01,0,0,0,0,0,0,0,0,0,"- ","- ",40.435798645019531,-123.15953826904297,TRINITY,UNINCORPORATED,-123.15937805175781,40.435794830322266
92127872,2023,2023-10-20,9175,2023-07-16,1830,019877,,7,2,9,5300,0,1,3,,2,013,SR-299,"299 TRI MPM 26.00",226.00,E,N,A,-,Y,TRI,,299," "," ",26.026,H,,R,Y,1,1,0,1,A,-,01,23152,G,N,E,I,A,A,H,-,A,D,0,,,Y,,Y,,-,"- ",0,0,0,0,0,0,0,1,0,"- ","- ",40.76068115234375,-123.28169250488281,TRINITY,UNINCORPORATED,-123.28170013427734,40.760677337646484
6928685,2015,2016-11-02,9175,2015-05-03,2235,016084,,7,3,9,5300,0,1,3,,1,010,"RT 299","POKER BAR RD",3696.00,W,N,A,-,Y,TRI,2,299,-,-,61.860,H,-,W,Y,2,0,1,1,A,-,08,22107,,N,E,I,A,A,H,-,D,D,0,,,,,Y,,A,07,1,0,0,0,0,0,0,0,0,"- ","- ",,,TRINITY,UNINCORPORATED,-122.88800413,40.66775921
90251475,2016,2016-09-22,9175,2016-05-26,1605,018507,,4,2,9,5300,0,1,3,,1,016,"SR-3 N/B","N. FORK CUTOFF",1056.00,N,N,A,-,Y,,,,,,,,,,Y,1,1,0,1,A,-,01,23152,A,N,E,I,A,A,H,-,A,D,0,,,Y,,Y,Y,C,02,0,0,0,0,0,0,0,1,0,"- ","- ",,,TRINITY,UNINCORPORATED,-122.70243793,40.992095759999998
91287961,2020,2020-08-18,9175,2020-08-10,0905,016084,,1,1,9,5300,0,1,3,,1,010,"RT 299","WILSON MOUNTAIN ROAD",300.00,W,N,A,-,Y,,,,,,,,,,Y,1,1,1,3,A,-,05,21460,A,N,A,C,A,A,H,-,A,D,0,,,,Y,Y,,D,22,0,1,0,0,0,0,0,0,0,"- ","- ",40.392799377441406,-122.54540252685547,TRINITY,UNINCORPORATED,,
90546202,2017,2017-09-12,9175,2017-08-17,2500,020683,,4,4,9,5300,0,3,5,,2,002,"INDIAN CREEK ROAD","JOSEPH GULCH RD",815.00,E,N,A,-,N,,,,,,,,,,N,1,1,1,1,A,-,08,22107,,N,E,I,A,A,H,-,D,D,0,,,Y,,Y,,C,06,1,0,0,0,0,0,0,1,1,"- ","- ",40.601280000000003,-122.81258,TRINITY,UNINCORPORATED,-122.81253576,40.601164509999997
90741160,2018,2018-06-05,9175,2018-05-28,1405,15928,,1,2,9,5300,0,1,3,,1,010,"STATE ROUTE 299","RIVER RANCH ROAD",158.00,E,N,A,-,Y,,,,,,,,,,Y,2,0,2,1,C,-,18,,,N,H,H,A,A,H,-,A,D,0,,,,,Y,,-,"- ",2,0,0,0,0,0,0,0,0,"- ","- ",40.401199340820312,-122.53434753417969,TRINITY,UNINCORPORATED,-122.92655181884766,40.654766082763672
94580427,2025,2025-02-14,9175,2025-02-07,1155,019877,,5,1,9,5300,0,1,3,,1,010,SR-299,"BUCKHORN STATION LOOP",1056.00,E,N,A,-,Y,TRI,,299," "," ",68.652,H,,R,Y,2,0,1,1,A,-,03,22350,,N,E,8,A,B,H,-,A,D,0,,,,,Y,,A,01,1,0,0,0,0,0,0,0,0,"- ","- ",40.659568786621094,-122.77861785888672,TRINITY,UNINCORPORATED,-122.77861022949219,40.659572601318359
6877611,2015,2015-04-13,9175,2015-03-21,1425,18469,,6,2,9,5300,0,3,5,,2,002,"NUGGET LN","GLEN RD",450.00,E,N,A,-,N,,,,,,,,,,N,2,0,1,1,A,-,03,22350,,N,F,A,A,A,H,-,A,D,0,,,Y,,Y,,C,02,1,0,0,0,0,0,0,0,1,"- ","- ",,,TRINITY,UNINCORPORATED,-122.92903694,40.721463849999999
90062426,2015,2015-12-01,9175,2015-11-14,1916,018507,,6,2,9,5300,0,1,3,,2,013,SR-299,"POKER LANE",3755.00,W,N,A,-,Y,,,,,,,,,,Y,2,0,1,1,A,-,03,22350,,N,E,I,A,A,H,-,D,D,0,,,,,Y,,A,01,1,0,0,0,0,0,0,0,0,"- ","- ",,,TRINITY,UNINCORPORATED,-123.28075301,40.751852309999997
91392141,2021,2021-01-21,9175,2021-01-18,0810,016084,,1,1,9,5300,0,1,3,,1,011,"STATE ROUTE 299","LITTLE BROWNS CREEK ROAD",2640.00,E,N,B,-,Y,,,299,,,,,,,Y,1,1,1,2,A,-,05,21460,A,N,A,C,A,A,H,-,A,D,0,,,,,Y,,D,22,0,1,0,0,0,0,0,0,0,"- ","- ",40.690898895263672,-122.93296051025391,TRINITY,UNINCORPORATED,-122.93292999267578,40.690872192382812
92189252,2023,2023-10-03,9175,2023-09-22,1425,019485,,5,2,9,5300,0,3,5,,2,001,"LEWISTON RD",SR-299,1056.00,S,N,A,-,N,,,,,,,,,,N,2,0,1,1,A,-,08,22107,,N,E,J,A,A,H,-,A,D,0,,,,,Y,,A,01,1,0,0,0,0,0,0,0,0,"- ","- ",40.675849914550781,-122.86329650878906,TRINITY,UNINCORPORATED,-122.86254119873047,40.672691345214844
90006180,2015,2015-10-19,9175,2015-07-17,1415,017698,,5,2,9,5300,0,1,3,,1,022,SR-36,SR-3,528.00,E,N,A,-,Y,,,,,,,,,,Y,2,0,1,1,A,-,08,22107,,N,E,I,A,A,H,-,A,D,0,,,Y,,Y,,C,02,1,0,0,0,0,0,0,0,1,"- ","- ",,,TRINITY,UNINCORPORATED,-123.17381992,40.419939249999999
90870530,2018,2018-11-29,9175,2018-11-22,0600,15928,,4,1,9,5300,0,1,3,,1,020,"STATE ROUTE 3","LITTLE CREEK BRIDGE",2640.00,S,N,B,C,Y,,,,,,,,,,Y,2,0,2,1,A,-,08,22107,,N,E,I,A,B,H,-,D,D,0,,,,,Y,,D,22,1,0,1,0,0,0,0,0,0,"- ","- ",40.365951538085938,-122.58274841308594,TRINITY,UNINCORPORATED,-122.9730224609375,40.617324829101562
92201410,2023,2023-10-17,9175,2023-09-14,1249,018268,,4,1,9,5300,0,1,3,,1,011,SR-299,"RANSOM ROAD",88.00,E,N,A,-,Y,TRI,,299," "," ",52.940,H,,R,N,1,1,0,2,A,-,01,23152,,F,G,B,E,A,H,-,A,A,0,Y,,,,Y,Y,A,01,0,0,0,1,0,0,0,0,0,"- ","- ",40.717350006103516,-122.92672729492188,TRINITY,UNINCORPORATED,-122.92680358886719,40.717327117919922
94597720,2025,2025-03-05,9175,2025-02-25,"210 ",024195,,2,3,9,5300,0,1,3,,1,021,SR-3,"VICTORIA LANE",2640.00,S,N,A,-,Y,TRI,,3," "," ",15.049,H,,R,Y,2,0,1,1,A,-,01,23152,A,N,E,8,A,B,H,-,D,D,0,,,,,Y,Y,A,01,1,0,0,0,0,0,0,0,0,"- ","- ",40.578960418701172,-123.05478668212891,TRINITY,UNINCORPORATED,-123.05479431152344,40.578968048095703
91814999,2022,2022-07-12,9175,2022-07-02,1757,020722,,6,2,9,5300,0,3,5,,2,002,"RUTH ZENIA RD","LOWER WEST SIDE RD",1320.00,E,N,A,-,N,,,,,,,,,,N,2,0,2,1,A,-,01,23152,A,N,H,A,A,A,H,-,A,D,0,,,,,Y,Y,D,22,2,0,0,0,0,0,0,0,0,"- ","- ",40.313041687011719,-123.39714813232422,TRINITY,UNINCORPORATED,-123.39917755126953,40.311450958251953
92149207,2023,2023-08-21,9175,2023-08-13,1950,021161,,7,2,9,5300,0,3,5,,2,002,"LOWER MAD RIVER ROAD","ANADA CREEK RD",648.00,W,N,A,-,N,,,,,,,,,,N,2,0,1,1,A,-,03,22350,,N,F,A,A,A,H,-,B,D,0,,,Y,,Y,,-,"- ",1,0,0,0,0,0,0,0,1,"- ","- ",40.2900390625,-123.33616638183594,TRINITY,UNINCORPORATED,-123.33654022216797,40.290641784667969
92422202,2024,2024-06-24,9175,2024-06-23,"950 ",019479,,7,1,9,5300,0,3,5,,2,001,"TRINITY DAM BLVD","RUSH CREEK ROAD",12672.00,N,N,A,-,N,,,,,,,,,,Y,2,0,1,1,A,-,08,22107,,N,F,A,A,A,H,-,A,D,0,,,Y,,Y,,C,02,1,0,0,0,0,0,0,0,1,"- ","- ",40.745861053466797,-122.80911254882812,TRINITY,UNINCORPORATED,-122.81005859375,40.746410369873047
90492558,2017,2017-07-03,9175,2017-06-29,1625,018507,,4,2,9,5300,0,3,5,,2,002,"ZENIA BLUFF RD","OLD BLUFF ROAD",4224.00,S,N,A,-,N,,,,,,,,,,N,2,0,1,1,A,-,01,23152,A,N,E,I,A,A,H,-,A,D,0,,,Y,,Y,Y,C,06,1,0,0,0,0,0,0,0,1,"- ","- ",,,TRINITY,UNINCORPORATED,,
90756204,2018,2018-06-26,9175,2018-06-17,1750,018645,,7,2,9,5300,0,3,5,,2,002,"LOWER MAD RIVER RD",SR-36,10560.00,S,N,A,-,N,,,,,,,,,,Y,2,0,1,1,A,-,08,22107,,N,E,I,A,A,H,-,A,D,0,,,Y,,Y,,C,02,1,0,0,0,0,0,0,0,1,"- ","- ",40.424598693847656,-123.4786376953125,TRINITY,UNINCORPORATED,-123.47495269775391,40.431564331054688
90884274,2018,2018-12-17,9175,2018-12-15,0145,020722,,6,3,9,5300,0,1,3,,1,012,"SR-299 W/B","CEMETERY RD",1320.00,E,N,B,-,Y,,,299,,,,,,W,Y,2,0,1,1,A,-,08,22107,,N,E,I,A,B,H,-,D,D,0,,,,,Y,,D,22,1,0,0,0,0,0,0,0,0,"- ","- ",40.76702880859375,-123.11782073974609,TRINITY,UNINCORPORATED,-123.11780548095703,40.767066955566406
94557149,2025,2025-01-31,9175,2025-01-22,1620,021724,,3,2,9,5300,0,1,3,,1,016,SR-3,"HAYWARD FLAT RD",648.00,N,N,A,-,Y,TRI,,3," "," ",50.734,H,,R,Y,2,0,1,1,A,-,08,22107,,N,E,I,A,A,H,-,A,D,0,,,,,Y,,D,22,1,0,0,0,0,0,0,0,0,"- ","- ",40.886768341064453,-122.79624176025391,TRINITY,UNINCORPORATED,-122.7962646484375,40.886768341064453
94668070,2025,2025-04-29,9175,2025-04-23,1120,018268,,3,1,9,5300,0,3,5,,2,002,"MILL STREET","BALLYVIEW STREET",47.00,N,N,A,-,N,,,,,,,,,,N,2,0,1,2,A,-,09,21804,A,N,D,G,A,A,H,-,A,D,0,,Y,,,Y,,L,04,1,0,0,0,0,0,1,0,0,"- ","- ",40.727901458740234,-122.93830871582031,TRINITY,UNINCORPORATED,-122.93828582763672,40.727878570556641
94647925,2025,2025-04-14,9175,2025-04-09,1315,016084,,3,1,9,5300,0,1,3,,1,012,"RT 299","ACORN LANE",2640.00,W,N,A,-,Y,TRI,,299," "," ",38.906,H,,R,Y,2,0,2,1,A,-,03,22350,,N,F,A,A,A,H,-,A,D,0,,,,,Y,,M,50,1,1,0,0,0,0,0,0,0,"- ","- ",40.760601043701172,-123.09641265869141,TRINITY,UNINCORPORATED,-123.09644317626953,40.760623931884766