CASE_ID,ACCIDENT_YEAR,PROC_DATE,JURIS,COLLISION_DATE,COLLISION_TIME,OFFICER_ID,REPORTING_DISTRICT,DAY_OF_WEEK,CHP_SHIFT,POPULATION,CNTY_CITY_LOC,SPECIAL_COND,BEAT_TYPE,CHP_BEAT_TYPE,CITY_DIVISION_LAPD,CHP_BEAT_CLASS,BEAT_NUMBER,PRIMARY_RD,SECONDARY_RD,DISTANCE,DIRECTION,INTERSECTION,WEATHER_1,WEATHER_2,STATE_HWY_IND,CALTRANS_COUNTY,CALTRANS_DISTRICT,STATE_ROUTE,ROUTE_SUFFIX,POSTMILE_PREFIX,POSTMILE,LOCATION_TYPE,RAMP_INTERSECTION,SIDE_OF_HWY,TOW_AWAY,COLLISION_SEVERITY,NUMBER_KILLED,NUMBER_INJURED,PARTY_COUNT,PRIMARY_COLL_FACTOR,PCF_CODE_OF_VIOL,PCF_VIOL_CATEGORY,PCF_VIOLATION,PCF_VIOL_SUBSECTION,HIT_AND_RUN,TYPE_OF_COLLISION,MVIW,PED_ACTION,ROAD_SURFACE,ROAD_COND_1,ROAD_COND_2,LIGHTING,CONTROL_DEVICE,CHP_ROAD_TYPE,PEDESTRIAN_ACCIDENT,BICYCLE_ACCIDENT,MOTORCYCLE_ACCIDENT,TRUCK_ACCIDENT,NOT_PRIVATE_PROPERTY,ALCOHOL_INVOLVED,STWD_VEHTYPE_AT_FAULT,CHP_VEHTYPE_AT_FAULT,COUNT_SEVERE_INJ,COUNT_VISIBLE_INJ,COUNT_COMPLAINT_PAIN,COUNT_PED_KILLED,COUNT_PED_INJURED,COUNT_BICYCLIST_KILLED,COUNT_BICYCLIST_INJURED,COUNT_MC_KILLED,COUNT_MC_INJURED,PRIMARY_RAMP,SECONDARY_RAMP,LATITUDE,LONGITUDE,COUNTY,CITY,POINT_X,POINT_Y
90938565,2018,2019-03-04,9175,2018-12-28,1935,019877,,5,2,9,5300,0,3,5,,2,002,"HYAMPOM RD",SR-3,13200.00,W,N,A,-,N,,,,,,,,,,Y,1,1,0,1,A,-,01,23152,A,N,E,I,A,A,H,-,D,D,0,,,,,Y,Y,D,22,0,0,0,0,0,0,0,0,0,"- ","- ",40.560718536376953,-123.23494720458984,TRINITY,UNINCORPORATED,-123.23514556884766,40.560760498046875
91095793,2019,2019-10-11,9175,2019-09-06,1950,019877,,5,2,9,5300,0,1,3,,1,016,SR-3,"GRIZZLY LN",1584.00,S,N,A,-,Y,,,3,,,,,,,Y,1,1,4,1,A,-,01,23152,A,N,E,I,A,A,H,-,B,D,0,,,,,Y,Y,D,23,4,0,0,0,0,0,0,0,0,"- ","- ",40.897430419921875,-122.78777313232422,TRINITY,UNINCORPORATED,-122.78778839111328,40.897472381591797
90523873,2017,2018-01-30,9175,2017-07-23,1535,012749,,7,2,9,5300,0,1,3,,2,014,SR-299,"TUNNEL FLAT RIVER ACCESS RD",127.00,W,N,A,-,Y,,,299,,,,,,,Y,1,1,0,2,A,-,01,23152,A,N,A,C,A,A,H,-,A,D,0,,,Y,,Y,Y,C,02,0,0,0,0,0,0,0,1,0,"- ","- ",40.883389999999999,-123.54767,TRINITY,UNINCORPORATED,-123.54764939,40.883347430000001
6292562,2015,2015-09-04,9175,2015-06-08,0845,15928,,1,1,9,5300,0,1,3,,1,011,"RT 299","OREGON SPRINGS RD",1056.00,W,N,A,-,Y,TRI,2,299,-,-,48.640,H,-,E,Y,1,1,0,1,A,-,08,22107,,N,E,I,A,A,H,-,A,D,0,,,,,Y,,A,01,0,0,0,0,0,0,0,0,0,"- ","- ",40.739759999999997,-122.98061,TRINITY,UNINCORPORATED,-122.98215672000001,40.739097010000002
6633238,2014,2015-12-21,9175,2014-09-17,1300,018433,,3,1,9,5300,0,3,5,,2,002,"HYAMPOM RD","RT 3",25344.00,W,N,A,-,N,,,,,,,,,,Y,2,0,1,1,C,-,18,,,N,E,H,A,A,H,-,A,D,0,,,Y,,Y,,-,"- ",1,0,0,0,0,0,0,0,1,"- ","- ",,,TRINITY,UNINCORPORATED,-123.2565357,40.580241039999997
6764099,2014,2016-06-14,9175,2014-12-04,1835,017698,,4,2,9,5300,0,1,3,,1,012,"RT 299","CORRAL BOTTOM RD",3168.00,E,N,B,-,Y,TRI,2,299,-,-,29.180,H,-,E,Y,2,0,1,1,A,-,08,22107,,N,E,I,A,A,H,-,D,D,0,,,,,Y,,A,01,1,0,0,0,0,0,0,0,0,"- ","- ",,,TRINITY,UNINCORPORATED,-123.24130319,40.73926118
90045940,2015,2016-01-12,9175,2015-09-20,2357,019520,,7,3,9,5300,0,3,5,,2,002,"TULE CREEK RD","RT 3",14784.00,W,N,A,-,N,,,,,,,,,,Y,1,1,0,1,A,-,01,23152,F,N,E,I,A,A,H,-,D,D,0,,,,,Y,Y,D,22,0,0,0,0,0,0,0,0,0,"- ","- ",40.528500000000001,-123.2236,TRINITY,UNINCORPORATED,-123.22334499999999,40.526352500000002
90577015,2017,2017-10-24,9175,2017-10-18,2015,019485,,3,2,9,5300,0,1,3,,2,015,"SR-3 S/B","HAYFORK SUMMIT",29040.00,N,N,A,-,Y,,,3,,,,,,S,Y,2,0,2,1,A,-,08,22107,,N,F,I,A,A,H,-,D,D,0,,,Y,,Y,,C,02,1,1,0,0,0,0,0,0,2,"- ","- ",40.6173,-122.9821,TRINITY,UNINCORPORATED,-122.98214974,40.617353059999999
91964676,2023,2023-01-10,9175,2023-01-03,1840,019479,,2,2,9,5300,0,1,3,,1,021,SR-3,"BRADY ROAD",132.00,S,N,C,E,Y,TRI,,3," "," ",7.147,H,,R,N,2,0,1,2,A,-,11,21956,A,N,G,B,E,B,H,-,D,D,0,Y,,,,Y,,N,60,1,0,0,0,1,0,0,0,0,"- ","- ",40.554119110107422,-123.18260955810547,TRINITY,UNINCORPORATED,-123.18260955810547,40.554126739501953
92429806,2024,2024-07-09,9175,2024-06-27,1335,019877,,4,1,9,5300,0,1,3,,1,021,SR-3,"BIG CREEK RD.",5.00,S,N,A,-,Y,TRI,,3," "," ",9.287,H,,R,Y,2,0,1,2,A,-,03,22350,,N,C,C,A,A,H,-,A,D,0,,,Y,,Y,,C,02,1,0,0,0,0,0,0,0,1,"- ","- ",40.553340911865234,-123.14273071289062,TRINITY,UNINCORPORATED,-123.14273071289062,40.553340911865234
91308525,2020,2020-09-21,9175,2020-09-11,0535,020722,,5,3,9,5300,0,1,3,,2,015,"SR-3 N/B","SPRUCE LN",1584.00,N,N,A,-,Y,,,3,,,,,,N,Y,2,0,1,1,A,-,01,23152,A,N,E,I,A,A,H,-,C,D,0,,,,,Y,Y,A,01,1,0,0,0,0,0,0,0,0,"- ","- ",40.750450134277344,-122.88751220703125,TRINITY,UNINCORPORATED,-122.88761138916016,40.750560760498047
91459276,2021,2021-04-27,9175,2021-04-19,1320,019485,,1,1,9,5300,0,1,3,,1,022,SR-36,SR-3,1056.00,E,N,A,-,Y,,,,,,,,,,Y,2,0,2,1,A,-,08,22107,,N,F,A,A,A,H,-,A,D,0,,,Y,,Y,,C,02,1,1,0,0,0,0,0,0,2,"- ","- ",,,TRINITY,UNINCORPORATED,-123.17243957519531,40.421119689941406
90195763,2016,2016-07-06,9175,2016-05-29,2250,019520,,7,3,9,5300,0,3,5,,2,002,"MAD RIVER RD","EAGLES NEST RD",528.00,S,N,A,-,N,,,,,,,,,,Y,1,1,2,1,A,-,01,23153,A,N,E,I,A,A,H,-,D,D,0,,,,,Y,Y,D,22,0,1,1,0,0,0,0,0,0,"- ","- ",40.33614,-123.39471,TRINITY,UNINCORPORATED,-123.39588793,40.336303569999998
92382817,2024,2024-05-06,9175,2024-02-27,2500,016084,,2,4,9,5300,0,3,5,,2,002,"WESTRIDGE RD","EVENING STAR CT",35.00,N,N,A,-,N,,,,,,,,,,N,2,0,1,2,D,-,00,,,F,G,B,E,A,H,-,D,D,0,Y,,,,Y,,-,"- ",1,0,0,0,1,0,0,0,0,"- ","- ",40.410938262939453,-123.24295043945312,TRINITY,UNINCORPORATED,-123.24297332763672,40.41082763671875
90814897,2018,2018-09-17,9175,2018-09-15,1440,019485,,6,2,9,5300,0,1,3,,1,022,SR-36,"MAD RIVER ROCK LOOKOUT",3696.00,E,N,A,-,Y,,,36,,,,,,,Y,2,0,1,1,A,-,08,22107,,N,F,A,A,A,H,-,A,D,0,,,Y,,Y,,C,02,1,0,0,0,0,0,0,0,1,"- ","- ",40.455120086669922,-123.51294708251953,TRINITY,UNINCORPORATED,-123.51293182373047,40.455207824707031
90056367,2015,2015-11-20,9175,2015-11-12,1411,014636,,4,2,9,5300,0,1,3,,1,020,SR-3,"READING CREEK RD",7392.00,S,N,A,-,Y,,,,,,,,,,Y,2,0,1,1,A,-,08,22107,,N,E,I,A,A,H,-,A,D,0,,,,,Y,,A,08,1,0,0,0,0,0,0,0,0,"- ","- ",,,TRINITY,UNINCORPORATED,-122.93883,40.62252024
90813659,2018,2018-09-14,9175,2018-09-06,1837,018507,,4,2,9,5300,0,1,3,,1,017,SR-3,"COFFEE CREEK ROAD",3168.00,N,N,A,-,Y,,,,,,,,,,Y,2,0,2,1,A,-,08,22107,,N,E,I,A,A,H,-,A,D,0,,,,,Y,,A,01,2,0,0,0,0,0,0,0,0,"- ","- ",41.094150543212891,-122.75440979003906,TRINITY,UNINCORPORATED,-122.70679473876953,41.094882965087891
90466761,2017,2017-05-30,9175,2017-05-22,1315,012749,,1,1,9,5300,0,1,3,,1,011,SR-299,"MINER ST",13200.00,W,N,A,-,Y,,,,,,,,,,Y,2,0,1,1,A,-,03,22350,,N,F,A,A,A,H,-,A,D,0,,,,Y,Y,,G,27,1,0,0,0,0,0,0,0,0,"- ","- ",,,TRINITY,UNINCORPORATED,,
90567970,2017,2017-11-08,9175,2017-09-19,1830,019636,,2,2,9,5300,0,1,3,,1,011,SR-299,"TUCKER HILL RD",346.00,E,N,B,-,Y,,,299,,,,,,,Y,1,1,7,2,A,-,09,21804,A,N,D,C,A,A,H,-,A,A,0,,,,,Y,,A,01,2,2,3,0,0,0,0,0,0,"- ","- ",40.665799999999997,-122.9427,TRINITY,UNINCORPORATED,-122.94268549,40.665808740000003
91299219,2020,2020-09-04,9175,2020-09-03,0650,019811,,4,1,9,5300,0,1,3,,1,012,SR-299,"CORRAL BOTTOM RD",309.00,E,N,A,-,Y,,,299,,,,,,,Y,2,0,2,1,A,-,08,22107,,N,E,I,A,A,H,-,A,D,0,,,,,Y,,A,07,1,1,0,0,0,0,0,0,0,"- ","- ",40.739200592041016,-123.24973297119141,TRINITY,UNINCORPORATED,-123.24972534179688,40.739265441894531
91380318,2020,2021-01-04,9175,2020-12-25,2240,021253,,5,3,9,5300,0,1,3,,1,011,SR-299,"TUCKER HILL ROAD",2640.00,W,N,C,-,Y,,,299,,,,,,,Y,2,0,2,2,A,-,01,23152,A,N,D,C,A,B,H,-,D,D,0,,,,,Y,Y,A,01,2,0,0,0,0,0,0,0,0,"- ","- ",40.680469512939453,-122.94329071044922,TRINITY,UNINCORPORATED,-122.94312286376953,40.680305480957031
92241040,2023,2023-11-20,9175,2023-11-11,"925 ",020464,,6,1,9,5300,0,1,3,,1,020,SR-3,"B BAR K ROAD",2640.00,N,N,B,-,Y,TRI,,3," "," ",26.774,H,,R,Y,2,0,3,1,A,-,08,22107,,N,F,I,A,A,H,-,A,D,0,,,,,Y,,A,07,2,1,0,0,0,0,0,0,0,"- ","- ",40.622051239013672,-122.94803619384766,TRINITY,UNINCORPORATED,-122.94804382324219,40.622035980224609
94415485,2024,2024-10-01,9175,2024-09-22,1848,020722,,7,2,9,5300,0,3,5,,2,001,"LONG CANYON RD",SR-3,17952.00,W,N,A,-,N,,,,,,,,,,Y,2,0,2,2,A,-,05,21650,,N,B,2,A,A,H,-,A,D,0,,,Y,,Y,,-,"- ",1,1,0,0,0,0,0,0,2,"- ","- ",40.916660308837891,-122.82295227050781,TRINITY,UNINCORPORATED,-122.80888366699219,40.921741485595703
90757150,2018,2018-06-27,9175,2018-06-03,1805,020786,,7,2,9,5300,0,3,5,,2,001,"LANCE GULCH RD","BROWNS RANCH RD",574.00,N,N,A,-,N,,,,,,,,,,Y,1,1,0,1,A,-,08,22107,,N,E,I,A,A,H,-,A,D,0,,,,,Y,,D,22,0,0,0,0,0,0,0,0,0,"- ","- ",40.447471618652344,-122.55326843261719,TRINITY,UNINCORPORATED,-122.92581176757812,40.735633850097656
91255505,2020,2020-06-22,9175,2020-06-11,1920,019485,,4,2,9,5300,0,1,3,,2,014,"SR-299 W/B","PONY CREEK RD",1056.00,W,N,A,-,Y,,,299,,,,,,W,Y,2,0,2,1,A,-,01,23152,A,N,F,A,A,A,H,-,A,D,0,,,,,Y,Y,D,22,1,1,0,0,0,0,0,0,0,"- ","- ",40.86199951171875,-123.50399780273438,TRINITY,UNINCORPORATED,-123.50397491455078,40.8619384765625
90880067,2018,2018-12-11,9175,2018-12-08,1100,020464,,6,1,9,5300,0,1,3,,1,010,SR-299,"STEEL BRIDGE RD",3168.00,W,N,B,-,Y,,,299,,,,,,,Y,2,0,1,1,A,-,03,22350,,N,E,I,A,B,H,-,A,D,0,,,,,Y,,A,01,1,0,0,0,0,0,0,0,0,"- ","- ",40.653091430664062,-122.90033721923828,TRINITY,UNINCORPORATED,-122.90034484863281,40.653106689453125
91089959,2019,2019-10-03,9175,2019-09-14,2500,019479,,6,4,9,5300,0,1,3,,1,021,SR-3,"HAYFORK DUMP RD",7920.00,S,N,A,-,Y,,,3,,,,,,,Y,1,1,0,1,A,-,01,23152,A,N,E,I,A,A,H,-,D,D,0,,,,,Y,Y,A,07,0,0,0,0,0,0,0,0,0,"- ","- ",40.522930145263672,-123.18060302734375,TRINITY,UNINCORPORATED,-123.18047332763672,40.522930145263672
91012511,2019,2019-06-25,9175,2019-06-11,1305,019479,,2,1,9,5300,0,1,3,,2,014,SR-299,"CAMPBELL RIDGE RD",1584.00,W,N,A,-,Y,,,299,,,,,,,Y,2,0,1,1,A,-,03,22350,,N,F,A,A,A,H,-,A,D,0,,,,Y,Y,,G,25,1,0,0,0,0,0,0,0,0,"- ","- ",40.886478424072266,-123.58754730224609,TRINITY,UNINCORPORATED,-123.58761596679688,40.886589050292969
92320845,2024,2024-02-22,9175,2024-02-15,1057,023686,,4,1,9,5300,0,1,3,,2,013,SR-299,"HAYDEN FLAT RIVER ACCESS",2640.00,W,N,C,-,Y,TRI,,299," "," ",20.331,H,,R,Y,2,0,1,1,A,-,03,22350,,N,F,A,A,B,H,-,A,A,0,,,,,Y,,D,22,1,0,0,0,0,0,0,0,0,"- ","- ",40.785808563232422,-123.34876251220703,TRINITY,UNINCORPORATED,-123.34873199462891,40.785797119140625
91055748,2019,2019-08-20,9175,2019-08-15,1430,15928,,4,2,9,5300,0,1,3,,1,011,"STATE ROUTE 299","OREGON SPRINGS ROAD (PVT.)",528.00,W,N,A,-,Y,,,,,,,,,,Y,2,0,1,1,A,-,08,22107,,N,F,A,A,A,H,-,A,D,0,,,Y,,Y,,C,02,1,0,0,0,0,0,0,0,1,"- ","- ",40.442451477050781,-122.58489990234375,TRINITY,UNINCORPORATED,-122.97779846191406,40.741775512695312
91783389,2022,2022-05-27,9175,2022-05-22,0200,020683,,7,3,9,5300,0,1,3,,1,017,SR-3,"RASBERRY LANE",2200.00,N,N,A,-,Y,,,,,,,,,,Y,2,0,1,1,A,-,08,22107,,N,E,I,A,A,H,-,D,D,0,,,,,Y,,A,01,1,0,0,0,0,0,0,0,0,"- ","- ",40.769321441650391,-122.89089965820312,TRINITY,UNINCORPORATED,-122.89053344726562,40.769554138183594
94554286,2025,2025-01-29,9175,2025-01-20,1715,021836,,1,2,9,5300,0,1,3,,1,011,"SR-299 W/B","UNION HILL ROAD",3168.00,W,N,A,-,Y,,,,,,,,,,Y,2,0,1,1,A,-,08,22107,,N,E,I,A,A,H,-,D,D,0,,,,,Y,Y,A,01,1,0,0,0,0,0,0,0,0,"- ","- ",40.408550262451172,-122.56487274169922,TRINITY,UNINCORPORATED,-122.94358825683594,40.672821044921875
90572575,2017,2017-10-18,9175,2017-10-09,2150,012749,,1,2,9,5300,0,1,3,,1,021,SR-3,"FOREST AVE",0.00,,Y,A,-,Y,,,,,,,,,,Y,2,0,2,1,A,-,01,23152,A,F,E,I,A,A,H,-,C,D,0,,,,,Y,Y,D,22,1,1,0,0,0,0,0,0,0,"- ","- ",40.613720000000001,-123.07142,TRINITY,UNINCORPORATED,-123.16259986999999,40.552619960000001
91061334,2019,2019-08-28,9175,2019-08-27,1447,016084,,2,2,9,5300,0,3,5,,2,002,"LITTLE BROWNS CREEK ROAD",SR-299,4752.00,N,N,A,-,N,,,,,,,,,,Y,2,0,3,2,A,-,08,22107,,N,A,C,A,A,H,-,A,D,0,,,,,Y,,D,22,1,2,0,0,0,0,0,0,0,"- ","- ",40.422679901123047,-122.54331970214844,TRINITY,UNINCORPORATED,,
6633269,2014,2016-04-26,9175,2014-09-14,1635,016084,,7,2,9,5300,0,1,3,,1,021,"RT 3","MILL AV",1800.00,S,N,A,-,Y,TRI,2,3,-,-,8.620,H,-,S,Y,2,0,1,1,A,-,08,22107,,N,F,A,A,A,H,-,A,D,0,,,Y,,Y,,C,06,1,0,0,0,0,0,0,0,1,"- ","- ",,,TRINITY,UNINCORPORATED,-123.15508766000001,40.551558110000002
90129332,2016,2016-03-04,9175,2016-02-20,2030,019680,,6,2,9,5300,0,3,5,,2,002,"MORGAN HILL RD","OAK AVE",5.00,E,N,A,-,N,,,,,,,,,,Y,2,0,1,1,A,-,01,23152,A,N,E,I,A,A,H,-,D,D,0,,,Y,,Y,Y,C,02,1,0,0,0,0,0,0,0,1,"- ","- ",,,TRINITY,UNINCORPORATED,-123.17053288,40.546058170000002
91505122,2021,2021-06-24,9175,2021-06-06,0450,020786,,7,3,9,5300,0,1,3,,1,011,SR-299,"INDUSTRIAL PARKWAY",2640.00,E,N,A,-,Y,,,299,,,,,,,N,2,0,1,1,A,-,08,22107,,F,E,I,A,A,H,-,D,D,0,,,,,Y,,D,22,1,0,0,0,0,0,0,0,0,"- ","- ",40.703170776367188,-122.92517852783203,TRINITY,UNINCORPORATED,-122.92527770996094,40.70318603515625
6573994,2014,2016-04-27,9175,2014-07-21,0500,018177,,1,3,9,5300,0,1,3,,2,014,"RT 299","BURNT RANCH CAMPGROUND",1150.00,E,N,A,-,Y,TRI,2,299,-,-,13.200,H,-,W,Y,2,0,1,1,A,-,08,22107,,N,E,I,A,A,H,-,B,D,0,,,,,Y,,A,07,1,0,0,0,0,0,0,0,0,"- ","- ",40.792050000000003,-123.45571,TRINITY,UNINCORPORATED,-123.45573383,40.791848530000003
90211463,2016,2016-06-28,9175,2016-06-18,1350,014636,,6,1,9,5300,0,1,3,,2,013,SR-299,"PRAIRIE CREEK RD",528.00,W,N,A,-,Y,,,,,,,,,,Y,2,0,1,1,A,-,08,22107,,N,F,A,A,A,H,-,A,D,0,,,,,Y,,D,22,1,0,0,0,0,0,0,0,0,"- ","- ",,,TRINITY,UNINCORPORATED,-123.28737768000001,40.761811539999997
90513701,2017,2017-08-01,9175,2017-07-27,0210,019877,,4,3,9,5300,0,1,3,,1,011,SR-299,"LITTLE BROWNS CREEK RD",700.00,W,N,A,-,Y,,,299,,,,,,,Y,2,0,1,1,A,-,01,23152,A,N,E,I,A,A,H,-,D,D,0,,,,,Y,Y,A,07,1,0,0,0,0,0,0,0,0,"- ","- ",40.697499999999998,-122.92870000000001,TRINITY,UNINCORPORATED,-122.92872081,40.697513149999999
92100995,2023,2023-06-23,9175,2023-06-16,"925 ",015928,,5,1,9,5300,0,1,3,,1,011,"STATE ROUTE 299","WEAVER STREET",75.00,W,N,A,-,Y,,,,,,,,,,Y,2,0,1,3,A,-,21,22106,,N,B,C,A,A,H,-,A,D,0,,,,,Y,,A,07,1,0,0,0,0,0,0,0,0,"- ","- ",40.433708190917969,-122.56725311279297,TRINITY,UNINCORPORATED,-122.93495941162109,40.726654052734375
90345917,2016,2016-12-15,9175,2016-12-02,0851,014636,,5,1,9,5300,0,1,3,,2,013,SR-299,"IRON MOUNTAIN RD",5280.00,W,N,B,-,Y,,,,,,,,,,Y,2,0,1,1,A,-,03,22350,,N,F,A,A,A,H,-,A,D,0,,,,Y,Y,,G,25,1,0,0,0,0,0,0,0,0,"- ","- ",,,TRINITY,UNINCORPORATED,,
90208461,2016,2016-06-23,9175,2016-06-21,1900,019636,,2,2,9,5300,0,1,3,,2,014,SR-299,"BURNT RANCH SCHOOL RD",1584.00,W,N,A,-,Y,,,299,,,,,,,Y,2,0,1,1,A,-,01,23152,A,N,F,A,A,A,H,-,A,D,0,,,Y,,Y,Y,C,02,1,0,0,0,0,0,0,0,1,"- ","- ",40.813450000000003,-123.47871000000001,TRINITY,UNINCORPORATED,-123.47871809999999,40.813453879999997
91528850,2021,2021-12-02,9175,2021-07-24,0330,020786,,6,3,9,5300,0,1,3,,1,020,SR-3,"B BAR K RD",19008.00,S,N,A,-,Y,,,,,,,,,,Y,2,0,1,1,A,-,03,22350,,N,E,I,A,A,H,-,D,D,0,,,,,Y,,A,01,1,0,0,0,0,0,0,0,0,"- ","- ",40.371551513671875,-122.59588623046875,TRINITY,UNINCORPORATED,-122.94853210449219,40.641120910644531
91445574,2021,2021-04-07,9175,2021-03-26,1401,018507,,5,2,9,5300,0,1,3,,1,012,SR-299,"EAST FORK ROAD",4752.00,W,N,A,-,Y,,,,,,,,,,Y,2,0,1,1,A,-,03,22350,,N,E,I,A,A,H,-,A,D,0,,,Y,,Y,,C,02,1,0,0,0,0,0,0,0,1,"- ","- ",40.459381103515625,-123.08183288574219,TRINITY,UNINCORPORATED,-123.13637542724609,40.765625
90088770,2015,2016-01-05,9175,2015-12-15,1713,12749,,2,2,9,5300,0,1,3,,1,010,SR-299,SR-3,0.00,,Y,A,-,Y,,,,,,,,,,Y,2,0,1,2,A,-,09,21802,A,N,A,C,A,A,H,-,C,D,0,,,,Y,Y,,A,01,1,0,0,0,0,0,0,0,0,"- ","- ",,,TRINITY,UNINCORPORATED,-122.93831987999999,40.651429890000003
6290554,2014,2015-12-21,9175,2014-02-11,2145,18391,,2,2,9,5300,0,1,3,,1,016,"RT 3","EL DORADO WY",5808.00,N,N,B,-,Y,TRI,2,3,-,-,62.530,H,-,S,Y,1,1,1,1,A,-,01,23152,A,N,F,A,A,B,H,-,D,D,0,,,,,Y,Y,A,01,0,0,1,0,0,0,0,0,0,"- ","- ",,,TRINITY,UNINCORPORATED,-122.69339346,41.013926169999998
6616229,2014,2016-04-26,9175,2014-09-06,1245,014636,,6,1,9,5300,0,1,3,,1,016,"RT 3","CARVILLE LOOP RD",398.00,S,N,A,-,Y,TRI,2,3,-,-,65.880,H,-,S,Y,2,0,1,1,A,-,01,23152,A,N,E,I,A,A,H,-,A,D,0,,,,,Y,Y,D,22,1,0,0,0,0,0,0,0,0,"- ","- ",,,TRINITY,UNINCORPORATED,-122.70243598,41.05811465
90053815,2015,2015-11-18,9175,2015-11-08,0300,019520,,7,3,9,5300,0,1,3,,1,021,"STATE ROUTE 3","SUMMIT CREEK RD",14256.00,S,N,C,-,Y,,,3,,,,,,,Y,2,0,1,1,A,-,01,23152,A,N,E,I,A,B,H,-,D,D,0,,,,,Y,Y,D,22,1,0,0,0,0,0,0,0,0,"- ","- ",40.5792,-123.04431,TRINITY,UNINCORPORATED,-123.04432208,40.579202960000003
91052241,2019,2019-08-16,9175,2019-08-02,1000,15928,,5,1,9,5300,0,1,3,,1,012,"STATE ROUTE 299","POWER HOUSE ROAD",2112.00,W,N,A,-,Y,,,,,,,,,,Y,2,0,2,2,A,-,21,22106,,N,D,C,A,A,H,-,A,D,0,,,,,Y,,A,01,2,0,0,0,0,0,0,0,0,"- ","- ",40.454299926757812,-123.41252899169922,TRINITY,UNINCORPORATED,-123.06886291503906,40.761329650878906
92410580,2024,2024-06-10,9175,2024-06-01,2500,019877,,6,4,9,5300,0,1,3,,1,021,SR-3,"3 TRI MPM 4.43",200.00,S,N,A,-,Y,TRI,,3," "," ",4.460,H,,R,Y,1,1,0,1,A,-,08,22107,,N,F,I,A,A,H,-,E,D,0,,,,,Y,Y,A,01,0,0,0,0,0,0,0,0,0,"- ","- ",40.524139404296875,-123.18035125732422,TRINITY,UNINCORPORATED,-123.18038177490234,40.524139404296875
90550999,2017,2017-09-19,9175,2017-09-10,1634,020464,,7,2,9,5300,0,3,5,,2,002,"FOREST SERVICE RD 1",SR-36,10032.00,N,N,A,-,N,,,,,,,,,,Y,2,0,1,1,C,-,18,,,N,E,I,A,A,H,-,A,D,0,,,Y,,Y,,-,"- ",1,0,0,0,0,0,0,0,1,"- ","- ",40.471499999999999,-123.50920000000001,TRINITY,UNINCORPORATED,-123.50920000000001,40.471499999999999
6291355,2014,2014-10-27,9175,2014-08-29,2240,18958,,5,3,9,5300,0,1,3,,1,021,"RT 3","MILL AV",667.00,N,N,A,-,Y,TRI,2,3,-,-,9.100,H,-,N,Y,1,1,1,1,A,-,01,23152,A,N,E,I,A,A,H,-,D,D,0,,,,,Y,Y,A,07,1,0,0,0,0,0,0,0,0,"- ","- ",,,TRINITY,UNINCORPORATED,-123.14603855999999,40.551833010000003