CASE_ID,ACCIDENT_YEAR,PROC_DATE,JURIS,COLLISION_DATE,COLLISION_TIME,OFFICER_ID,REPORTING_DISTRICT,DAY_OF_WEEK,CHP_SHIFT,POPULATION,CNTY_CITY_LOC,SPECIAL_COND,BEAT_TYPE,CHP_BEAT_TYPE,CITY_DIVISION_LAPD,CHP_BEAT_CLASS,BEAT_NUMBER,PRIMARY_RD,SECONDARY_RD,DISTANCE,DIRECTION,INTERSECTION,WEATHER_1,WEATHER_2,STATE_HWY_IND,CALTRANS_COUNTY,CALTRANS_DISTRICT,STATE_ROUTE,ROUTE_SUFFIX,POSTMILE_PREFIX,POSTMILE,LOCATION_TYPE,RAMP_INTERSECTION,SIDE_OF_HWY,TOW_AWAY,COLLISION_SEVERITY,NUMBER_KILLED,NUMBER_INJURED,PARTY_COUNT,PRIMARY_COLL_FACTOR,PCF_CODE_OF_VIOL,PCF_VIOL_CATEGORY,PCF_VIOLATION,PCF_VIOL_SUBSECTION,HIT_AND_RUN,TYPE_OF_COLLISION,MVIW,PED_ACTION,ROAD_SURFACE,ROAD_COND_1,ROAD_COND_2,LIGHTING,CONTROL_DEVICE,CHP_ROAD_TYPE,PEDESTRIAN_ACCIDENT,BICYCLE_ACCIDENT,MOTORCYCLE_ACCIDENT,TRUCK_ACCIDENT,NOT_PRIVATE_PROPERTY,ALCOHOL_INVOLVED,STWD_VEHTYPE_AT_FAULT,CHP_VEHTYPE_AT_FAULT,COUNT_SEVERE_INJ,COUNT_VISIBLE_INJ,COUNT_COMPLAINT_PAIN,COUNT_PED_KILLED,COUNT_PED_INJURED,COUNT_BICYCLIST_KILLED,COUNT_BICYCLIST_INJURED,COUNT_MC_KILLED,COUNT_MC_INJURED,PRIMARY_RAMP,SECONDARY_RAMP,LATITUDE,LONGITUDE,COUNTY,CITY,POINT_X,POINT_Y
6291443,2014,2015-12-30,9175,2014-08-05,1138,18177,,2,1,9,5300,0,1,3,,2,015,"RT 3","FAWN RD",792.00,N,N,F,-,Y,TRI,2,3,-,-,45.640,H,-,S,Y,1,1,2,3,A,-,03,22350,,N,F,A,A,A,H,-,A,A,0,,,Y,Y,Y,,G,25,0,1,1,0,0,0,0,1,1,"- ","- ",40.846020000000003,-122.84031,TRINITY,UNINCORPORATED,-122.84006822000001,40.845904990000001
6292093,2014,2015-04-16,9175,2014-12-18,1245,017698,,4,1,9,5300,0,1,3,,2,014,"RT 299","SUZY Q RD",5808.00,W,N,B,-,Y,TRI,2,299,-,R,3.100,H,-,E,Y,1,1,0,1,A,-,01,23152,E,N,E,I,A,B,H,-,A,D,0,,,,,Y,,A,01,0,0,0,0,0,0,0,0,0,"- ","- ",40.884689999999999,-123.55692000000001,TRINITY,UNINCORPORATED,-123.55704547000001,40.88485696
6292689,2015,2015-10-01,9175,2015-06-14,0230,18507,,7,3,9,5300,0,1,3,,1,022,"RT 36","SOUTH FORK MOUNTAIN RD",1140.00,W,N,A,-,Y,TRI,2,36,-,R,9.080,H,-,E,Y,1,1,0,1,A,-,01,23152,F,N,E,I,A,A,H,-,D,D,0,,,,,Y,Y,D,22,0,0,0,0,0,0,0,0,0,"- ","- ",40.436579999999999,-123.48589,TRINITY,UNINCORPORATED,-123.44076499000001,40.399534289999998
6413711,2014,2015-11-14,9175,2014-02-27,2145,018958,,4,2,9,5300,0,1,3,,1,021,"RT 3","SCHOOL AV",25.00,N,N,B,-,Y,TRI,2,3,-,-,7.000,H,-,N,N,2,0,1,1,A,-,01,23152,A,N,F,A,A,A,H,-,C,D,0,,,Y,,Y,Y,C,02,1,0,0,0,0,0,0,0,1,"- ","- ",,,TRINITY,UNINCORPORATED,-123.1854553,40.553921219999999
6528524,2014,2015-11-20,9175,2014-06-16,1245,018471,,1,1,9,5300,0,1,3,,1,012,"RT 299","FORK RD",4752.00,E,N,A,-,Y,TRI,2,299,-,-,35.970,H,-,E,Y,2,0,1,1,A,-,03,22350,,N,E,I,A,A,H,-,A,D,0,,,Y,,Y,,C,02,1,0,0,0,0,0,0,0,1,"- ","- ",40.758800000000001,-123.14878,TRINITY,UNINCORPORATED,-123.13641809000001,40.764860679999998
6552876,2014,2015-11-20,9175,2014-06-20,1035,18133,,5,1,9,5300,0,1,3,,2,015,"RT 3","CEDAR STOCK RD",3696.00,N,N,A,-,Y,TRI,2,3,-,-,46.640,H,-,S,Y,2,0,1,1,A,-,08,22107,,N,E,I,A,A,H,-,A,D,0,,,Y,,Y,,C,02,1,0,0,0,0,0,0,0,1,"- ","- ",,,TRINITY,UNINCORPORATED,-122.83024281,40.853071399999997
6587408,2014,2016-04-26,9175,2014-08-05,1850,018391,,2,2,9,5300,0,1,3,,1,021,"RT 3","RT 36",18480.00,N,N,B,-,Y,TRI,2,3,-,L,3.540,H,-,N,Y,2,0,1,1,A,-,08,22107,,N,F,A,A,A,H,-,A,A,0,,,Y,,Y,,C,02,1,0,0,0,0,0,0,0,1,"- ","- ",,,TRINITY,UNINCORPORATED,-123.16191817000001,40.451178489999997
6597368,2014,2016-04-26,9175,2014-08-12,1400,15928,,2,2,9,5300,0,1,3,,1,020,"RT 3","JORDAN RD",31152.00,S,N,A,-,Y,TRI,2,3,-,-,20.010,H,-,S,Y,2,0,2,2,A,-,05,21460,A,N,A,C,A,A,H,-,A,D,0,,,,,Y,,D,22,2,0,0,0,0,0,0,0,0,"- ","- ",40.602420000000002,-122.99467,TRINITY,UNINCORPORATED,-122.99464532,40.602456240000002
6760997,2014,2016-04-27,9175,2014-09-22,1500,15363,,1,2,9,5300,0,1,3,,1,012,"RT 36","SHASTA CO LINE",26928.00,W,N,A,-,Y,TRI,2,36,-,R,35.940,H,-,E,N,2,0,1,1,A,-,03,22350,,N,F,A,A,A,H,-,A,D,0,,,Y,,Y,,C,02,1,0,0,0,0,0,0,0,1,"- ","- ",,,TRINITY,UNINCORPORATED,-123.09728103,40.392400090000002
6763483,2014,2016-06-14,9175,2014-12-10,0225,016084,,3,3,9,5300,0,1,3,,2,015,"RT 3","EAST WEAVER CREEK RD",528.00,N,N,B,-,Y,TRI,2,3,-,-,32.928,H,-,N,Y,2,0,5,1,A,-,01,23152,A,N,F,A,A,A,H,-,D,D,0,,,,,Y,Y,D,22,1,3,1,0,0,0,0,0,0,"- ","- ",,,TRINITY,UNINCORPORATED,-122.91422429000001,40.753010260000003
6822058,2015,2016-09-07,9175,2015-01-31,0710,14636,,6,1,9,5300,0,1,3,,2,013,"RT 299","BIG FRENCH CREEK RD",6336.00,W,N,B,-,Y,TRI,2,299,-,-,21.960,H,-,E,Y,2,0,1,1,A,-,08,22107,,N,E,I,A,A,H,-,A,D,0,,,,,Y,,A,01,1,0,0,0,0,0,0,0,0,"- ","- ",,,TRINITY,UNINCORPORATED,-123.33212958999999,40.77470993
6837727,2015,2016-04-13,9175,2015-02-19,2310,18645,,4,3,9,5300,0,3,5,,2,002,"SUMMIT CREEK RD","RT 3",10560.00,E,N,A,-,N,,,,,,,,,,N,2,0,1,1,A,-,01,23152,F,N,F,A,A,A,H,-,D,D,0,,,Y,,Y,Y,C,06,1,0,0,0,0,0,0,0,1,"- ","- ",,,TRINITY,UNINCORPORATED,-123.05620512,40.570714959999997
6854193,2014,2015-04-22,9175,2014-09-22,0015,18388,9175,1,3,9,5300,0,3,5,,2,002,"VAN DUZEN RD","RT 36",38544.00,S,N,A,-,N,,,,,,,,,,Y,1,1,1,1,A,-,01,23152,A,N,F,A,A,A,H,-,D,D,0,,,,,Y,Y,D,22,0,1,0,0,0,0,0,0,0,"- ","- ",,,TRINITY,UNINCORPORATED,-123.50065069999999,40.374149889999998
6876829,2015,2016-09-07,9175,2015-03-31,1230,15928,,2,1,9,5300,0,1,3,,1,010,"RT 299","LEWISTON RD",1584.00,E,N,A,-,Y,TRI,2,299,-,-,63.810,H,-,W,Y,2,0,1,1,A,-,08,22107,,N,E,I,A,A,H,-,A,D,0,,,Y,,Y,,C,02,1,0,0,0,0,0,0,0,1,"- ","- ",40.673580000000001,-122.85717,TRINITY,UNINCORPORATED,-122.85772341000001,40.673205830000001
6932459,2015,2016-11-02,9175,2015-05-15,1230,18433,,5,1,9,5300,0,1,3,,1,011,"RT 299","CASTLE RD",0.00,,Y,B,-,Y,TRI,2,299,-,-,47.490,I,5,E,N,2,0,1,1,A,-,08,22107,,N,F,A,A,A,H,-,A,D,0,,,Y,,Y,,C,02,1,0,0,0,0,0,0,0,1,"- ","- ",,,TRINITY,UNINCORPORATED,-123.00068259,40.73780893
6978903,2015,2016-11-02,9175,2015-06-19,1718,014636,,5,2,9,5300,0,1,3,,1,011,"RT 299","MOUNTAIN VIEW ST",105.00,W,N,A,-,Y,TRI,2,299,-,-,52.220,H,-,E,Y,2,0,2,3,A,-,09,21801,A,N,D,C,A,A,H,-,A,D,0,,,Y,,Y,,A,01,1,1,0,0,0,0,0,0,2,"- ","- ",,,TRINITY,UNINCORPORATED,-122.93338567000001,40.725709600000002
7008510,2015,2017-01-14,9175,2015-07-09,0115,18552,,4,3,9,5300,0,1,3,,2,014,"RT 299","UNDERWOOD MOUNTAIN RD",4224.00,E,N,B,C,Y,TRI,2,299,-,-,15.670,H,-,E,Y,2,0,1,1,A,-,08,22107,,N,E,I,A,B,H,-,D,D,0,,,Y,,Y,,C,02,1,0,0,0,0,0,0,0,1,"- ","- ",,,TRINITY,UNINCORPORATED,-123.41709188,40.788460690000001
90006178,2015,2015-10-19,9175,2015-07-18,2240,018645,,6,3,9,5300,0,1,3,,1,021,SR-3,"VICTORIA LN",1584.00,S,N,A,-,Y,,,,,,,,,,Y,2,0,1,1,A,-,03,22350,,N,F,A,A,A,H,-,D,D,0,,,Y,,Y,Y,C,02,1,0,0,0,0,0,0,0,1,"- ","- ",,,TRINITY,UNINCORPORATED,-123.05326289999999,40.578704510000001
90021105,2015,2015-10-19,9175,2015-09-19,0915,018328,,6,1,9,5300,0,1,3,,2,015,SR-3,"SUMMIT CREEK RD",8448.00,S,N,A,-,Y,,,3,,,,,,,Y,2,0,1,1,A,-,08,22107,,N,E,A,A,A,H,-,A,D,0,,,Y,,Y,,C,02,1,0,0,0,0,0,0,0,1,"- ","- ",40.586680000000001,-123.03021,TRINITY,UNINCORPORATED,-123.03013641,40.58668454
90033009,2015,2015-10-19,9175,2015-10-08,1400,014636,,4,2,9,5300,0,1,3,,1,021,SR-3,SR-36,1056.00,N,N,B,-,Y,,,,,,,,,,Y,2,0,1,1,A,-,08,22107,,N,E,I,A,A,H,-,A,D,0,,,,,Y,,D,22,1,0,0,0,0,0,0,0,0,"- ","- ",,,TRINITY,UNINCORPORATED,-123.17440979,40.42251306
90043891,2015,2015-11-03,9175,2015-10-28,0905,012749,,3,1,9,5300,0,1,3,,1,010,SR-299,"RIFFLE LN",528.00,W,N,B,-,Y,,,,,,,,,,Y,2,0,1,1,A,-,08,22107,,N,E,I,A,B,H,-,A,D,0,,,,,Y,,A,01,1,0,0,0,0,0,0,0,0,"- ","- ",,,TRINITY,UNINCORPORATED,-122.93007831,40.654246149999999
90053821,2015,2015-11-18,9175,2015-11-09,1530,016084,,1,2,9,5300,0,3,5,,2,001,"RUSH CREEK ROAD","CHINA GULCH ROAD",8448.00,E,N,B,-,N,,,,,,,,,,Y,2,0,1,2,A,-,05,21460,A,N,D,C,A,B,H,-,A,D,0,,,,,Y,,B,07,1,0,0,0,0,0,0,0,0,"- ","- ",,,TRINITY,UNINCORPORATED,-122.87262,40.778779999999998
90058245,2015,2015-11-24,9175,2015-11-15,0100,018645,,7,3,9,5300,0,3,5,,2,001,"RUSH CREEK RD","LOST BRIDGE ROAD",1913.00,E,N,B,-,N,,,,,,,,,,Y,2,0,1,1,A,-,01,23152,A,N,E,I,A,A,H,-,D,D,0,,,,,Y,Y,D,22,1,0,0,0,0,0,0,0,0,"- ","- ",,,TRINITY,UNINCORPORATED,-122.84475703,40.762733799999999
90128611,2016,2016-03-03,9175,2016-03-01,1635,016084,,2,2,9,5300,0,1,3,,1,022,"STATE ROUTE 36","WILDWOOD ROAD",9504.00,W,N,B,-,Y,,,,,,,,,,Y,2,0,4,1,A,-,08,22107,,N,E,I,A,B,H,-,A,D,0,,,,,Y,,D,22,1,1,2,0,0,0,0,0,0,"- ","- ",,,TRINITY,UNINCORPORATED,-123.05381061999999,40.384960270000001
90138301,2016,2016-03-16,9175,2016-01-13,1215,12749,,3,1,9,5300,0,1,3,,1,021,SR-3,"CARR CREEK RD",1056.00,N,N,B,C,Y,,,,,,,,,,Y,1,1,2,1,A,-,03,22350,,N,E,I,A,B,H,-,A,D,0,,,,,Y,,A,01,2,0,0,0,0,0,0,0,0,"- ","- ",,,TRINITY,UNINCORPORATED,-123.07610741000001,40.583554390000003
90204155,2016,2016-06-17,9175,2016-06-07,1700,019479,,2,2,9,5300,0,1,3,,2,014,SR-299,"SALYER LOOP RD",528.00,E,N,A,-,Y,,,,,,,,,,Y,2,0,1,1,A,-,08,22107,,N,E,I,A,A,H,-,A,D,0,,,,,Y,,A,07,1,0,0,0,0,0,0,0,0,"- ","- ",,,TRINITY,UNINCORPORATED,-123.58361299000001,40.891866469999997
90215708,2016,2016-07-05,9175,2016-06-28,1430,018993,,2,2,9,5300,0,1,3,,2,014,SR-299,"VETERANS HALL RD",1320.00,W,N,A,-,Y,,,299,,,,,,,Y,2,0,2,2,A,-,08,22107,,N,E,I,A,A,H,-,A,D,0,,,Y,,Y,,C,02,2,0,0,0,0,0,0,0,2,"- ","- ",40.835270000000001,-123.48784999999999,TRINITY,UNINCORPORATED,-123.48793668,40.835438140000001
90217097,2016,2016-07-06,9175,2016-06-11,1845,019479,,6,2,9,5300,0,1,3,,1,021,SR-3,"SALT CREEK RD",3168.00,S,N,A,-,Y,,,3,,,,,,,Y,2,0,2,1,A,-,01,23153,A,N,E,I,A,A,H,-,A,D,0,,,,,Y,Y,D,22,2,0,0,0,0,0,0,0,0,"- ","- ",40.503390000000003,-123.17427000000001,TRINITY,UNINCORPORATED,-123.17426195,40.503403149999997
90248428,2016,2016-08-19,9175,2016-06-23,1031,018250,,4,1,9,5300,0,1,3,,1,011,"SR-299 E/B","UNION HILL ROAD",1056.00,W,N,A,-,Y,,,,,,,,,,Y,1,1,0,1,C,-,18,,,N,F,A,A,A,H,-,A,D,0,,,,,Y,,-,"- ",0,0,0,0,0,0,0,0,0,"- ","- ",,,TRINITY,UNINCORPORATED,-122.94359,40.672820000000002
90258967,2016,2016-09-01,9175,2016-08-17,1855,016084,,3,2,9,5300,0,3,5,,2,001,"LITTLE BROWNS CREEK ROAD",SR-299,2640.00,N,N,A,-,N,,,,,,,,,,Y,1,1,0,1,A,-,08,22107,,N,E,I,A,A,H,-,A,D,0,,,Y,,Y,,C,02,0,0,0,0,0,0,0,1,0,"- ","- ",,,TRINITY,UNINCORPORATED,-122.922012,40.699252000000001
90272639,2016,2016-09-21,9175,2016-09-10,2500,018328,,6,4,9,5300,0,1,3,,1,016,SR-3,"TANNERY GULCH RD",7920.00,S,N,A,-,Y,,,,,,,,,,Y,2,0,1,1,A,-,08,22107,,N,E,I,A,A,H,-,A,D,0,,,Y,,Y,,C,02,1,0,0,0,0,0,0,0,1,"- ","- ",,,TRINITY,UNINCORPORATED,-122.88505013,40.827408069999997
90273103,2016,2016-09-21,9175,2016-07-27,2030,018507,,3,2,9,5300,0,1,3,,1,022,SR-36,"BRAMLET ROAD",2112.00,E,N,A,-,Y,,,,,,,,,,Y,1,1,0,1,A,-,03,22350,,N,F,A,A,A,H,-,D,D,0,,,,,Y,,A,08,0,0,0,0,0,0,0,0,0,"- ","- ",40.244199999999999,-123.111,TRINITY,UNINCORPORATED,-123.18621659,40.411753189999999
90274197,2016,2016-09-22,9175,2016-09-10,2230,019479,,6,3,9,5300,0,1,3,,2,013,SR-299,"BIG FRENCH CREEK RD",5808.00,W,N,A,-,Y,,,,,,,,,,Y,2,0,1,1,A,-,01,23152,A,N,E,I,A,A,H,-,D,D,0,,,,,Y,Y,D,22,1,0,0,0,0,0,0,0,0,"- ","- ",,,TRINITY,UNINCORPORATED,-123.32876738,40.774052609999998
90294427,2016,2016-10-18,9175,2016-10-17,1625,012749,,1,2,9,5300,0,3,5,,2,002,"TULE CREEK RD","TULE CREEK RETREAT RD",385.00,N,N,B,-,N,,,,,,,,,,Y,2,0,1,1,A,-,08,22107,,N,F,I,A,A,H,-,A,D,0,,,,,Y,Y,D,22,1,0,0,0,0,0,0,0,0,"- ","- ",,,TRINITY,UNINCORPORATED,-123.22371654,40.525377519999999
90307270,2016,2016-10-31,9175,2016-10-08,2329,018507,,6,3,9,5300,0,1,3,,2,014,SR-299,"DENNY ROAD",5280.00,W,N,B,-,Y,,,,,,,,,,Y,2,0,1,1,A,-,01,23152,A,N,E,I,A,B,H,-,D,D,0,,,,,Y,Y,A,01,1,0,0,0,0,0,0,0,0,"- ","- ",,,TRINITY,UNINCORPORATED,-123.53816584,40.877100759999998
90309954,2016,2016-11-02,9175,2016-09-29,2500,017418,,4,4,9,5300,0,1,3,,1,022,SR-36,SR-3,25344.00,E,N,A,-,Y,,,36,,,,,,,Y,2,0,1,1,A,-,08,22107,,N,E,I,A,A,H,-,D,D,0,,,,,Y,,A,01,1,0,0,0,0,0,0,0,0,"- ","- ",40.389760000000003,-123.12116,TRINITY,UNINCORPORATED,-123.12102181,40.389248950000002
90310317,2016,2016-11-03,9175,2016-10-28,0432,019680,,5,3,9,5300,0,3,5,,2,002,"BIG CREEK RD","HARRISON RD",1584.00,W,N,B,-,N,,,,,,,,,,Y,2,0,2,1,A,-,01,23152,A,N,E,I,A,B,H,-,D,D,0,,,,,Y,Y,D,22,2,0,0,0,0,0,0,0,0,"- ","- ",,,TRINITY,UNINCORPORATED,-123.15157696999999,40.59411557
90331846,2016,2016-11-29,9175,2016-11-17,1653,018507,,4,2,9,5300,0,1,3,,1,016,SR-3,"SLATE CREEK ROAD",2640.00,N,N,A,-,Y,,,,,,,,,,Y,2,0,1,1,C,-,18,,,N,E,I,A,A,H,-,D,D,0,,,,,Y,,-,"- ",1,0,0,0,0,0,0,0,0,"- ","- ",,,TRINITY,UNINCORPORATED,-122.87410939999999,40.834319110000003
90408601,2017,2017-03-08,9175,2017-03-01,0420,019520,,3,3,9,5300,0,1,3,,1,022,"STATE ROUTE 36","FLUME GULCH RD",2640.00,E,N,A,-,Y,,,,,,,,,,Y,2,0,2,1,A,-,08,22107,,N,E,I,A,A,H,-,D,D,0,,,,,Y,,D,22,1,1,0,0,0,0,0,0,0,"- ","- ",40.232660000000003,-123.17394,TRINITY,UNINCORPORATED,,
90417557,2017,2017-03-22,9175,2017-03-13,0620,017418,,1,1,9,5300,0,1,3,,1,020,SR-3,"JORDAN RD",13728.00,S,N,A,-,Y,,,,,,,,,,Y,2,0,2,1,A,-,03,22350,,N,F,A,A,A,H,-,D,D,0,,,,Y,Y,,F,25,1,0,1,0,0,0,0,0,0,"- ","- ",,,TRINITY,UNINCORPORATED,-122.98436537000001,40.61639692
90441813,2017,2017-04-25,9175,2017-04-18,2130,17428,,2,2,9,5300,0,1,3,,1,022,SR-36,"LOWER MAD RIVER RD",0.00,,N,B,-,Y,,,,,,,,,,N,2,0,1,1,A,-,08,22107,,N,F,A,A,A,H,-,D,D,0,,,Y,,Y,,C,02,1,0,0,0,0,0,0,0,1,"- ","- ",,,TRINITY,UNINCORPORATED,-123.4952595,40.444505999999997
90454863,2017,2017-05-12,9175,2017-05-12,0540,018328,,5,3,9,5300,0,1,3,,2,015,SR-3,"MUSSER HILL RD",461.00,S,N,A,-,Y,,,,,,,,,,Y,2,0,1,1,A,-,08,22107,,N,E,I,A,A,H,-,B,D,0,,,,,Y,,A,01,1,0,0,0,0,0,0,0,0,"- ","- ",,,TRINITY,UNINCORPORATED,-122.90554404,40.753295889999997
90466689,2017,2017-05-30,9175,2017-05-21,2000,019636,,7,2,9,5300,0,3,5,,2,002,"TULE CREEK RD","GREEN GATE RD",2640.00,E,N,A,-,N,,,,,,,,,,Y,2,0,1,1,C,-,18,,,N,H,H,A,A,H,-,B,D,0,,,Y,,Y,,-,"- ",1,0,0,0,0,0,0,0,1,"- ","- ",40.529269999999997,-123.22121,TRINITY,UNINCORPORATED,-123.21535299,40.542327649999997
90471788,2017,2017-06-06,9175,2017-06-02,2206,020464,,5,3,9,5300,0,3,5,,2,002,"N. MINER STREET","TINNEN ST.",528.00,S,N,A,-,N,,,,,,,,,,Y,2,0,1,1,A,-,01,23152,A,N,E,I,A,A,H,-,D,D,0,,,Y,,Y,Y,C,02,1,0,0,0,0,0,0,0,1,"- ","- ",40.735300000000002,-122.94670000000001,TRINITY,UNINCORPORATED,-122.9461975,40.735151930000001
90491473,2017,2017-06-30,9175,2017-06-25,1825,019636,,7,2,9,5300,0,1,3,,2,013,SR-299,"DENNY RD",0.00,,Y,A,-,Y,,,299,,,,,,,Y,2,0,5,2,A,-,09,21801,A,N,D,C,A,A,H,-,A,D,0,,,,,Y,,A,01,1,0,4,0,0,0,0,0,0,"- ","- ",40.869959999999999,-123.52248,TRINITY,UNINCORPORATED,-123.52249832,40.869926669999998
90498885,2017,2017-07-12,9175,2017-07-10,1600,016084,,1,2,9,5300,0,1,3,,1,022,"RT 36","SOUTH FORK MOUNTAIN ROAD",9504.00,W,N,A,-,Y,,,,,,,,,,Y,2,0,1,1,A,-,08,22107,,N,F,A,A,A,H,-,A,D,0,,,Y,,Y,,C,02,1,0,0,0,0,0,0,0,1,"- ","- ",,,TRINITY,UNINCORPORATED,-123.45124912,40.415628849999997
90498937,2017,2017-07-12,9175,2017-07-06,2130,019520,,4,2,9,5300,0,3,5,,2,002,"WILDWOOD RD","SWEENY RD",1584.00,N,N,A,-,N,,,,,,,,,,Y,2,0,1,1,A,-,01,23152,A,N,E,I,A,A,H,-,D,D,0,,,,,Y,Y,A,01,1,0,0,0,0,0,0,0,0,"- ","- ",40.532820000000001,-123.09013,TRINITY,UNINCORPORATED,-123.08792898999999,40.523424409999997
90505411,2017,2017-07-21,9175,2017-07-15,2110,019877,,6,2,9,5300,0,1,3,,2,015,"SR-3 N/B","TYE LN.",528.00,S,N,A,-,Y,,,3,,,,,,N,N,2,0,1,1,C,-,18,,,N,E,H,A,A,H,-,D,D,0,,,Y,,Y,,-,"- ",1,0,0,0,0,0,0,0,1,"- ","- ",40.751600000000003,-122.89919999999999,TRINITY,UNINCORPORATED,-122.89920893,40.751566869999998
90507407,2017,2017-07-25,9175,2017-07-14,1708,017054,,5,2,9,5300,0,1,3,,1,012,"STATE ROUTE 299 (MAIN STREET)","MILL STREET",65.00,W,N,A,-,Y,,,,,,,,,,Y,2,0,1,2,A,-,08,22107,,N,E,I,A,A,H,-,A,A,0,,,,,Y,Y,D,22,1,0,0,0,0,0,0,0,0,"- ","- ",,,TRINITY,UNINCORPORATED,-123.44500109000001,40.789791819999998
90521449,2017,2017-08-11,9175,2017-07-27,2500,014636,,4,4,9,5300,0,3,5,,2,002,"USFS RTE 1",SR-36,12144.00,N,N,A,-,N,,,,,,,,,,Y,1,1,0,1,A,-,08,22107,,N,E,I,A,A,H,-,A,D,0,,,,,Y,,D,22,0,0,0,0,0,0,0,0,0,"- ","- ",,,TRINITY,UNINCORPORATED,,
90524740,2017,2017-08-16,9175,2017-08-13,1535,012749,,7,2,9,5300,0,1,3,,2,014,SR-299,"MILL CREEK RD",1584.00,W,N,A,-,Y,,,,,,,,,,Y,2,0,1,1,A,-,03,22350,,N,F,A,A,A,C,-,A,D,0,,,Y,,Y,,C,02,1,0,0,0,0,0,0,0,1,"- ","- ",,,TRINITY,UNINCORPORATED,-123.45047235,40.789542279999999
90526044,2017,2017-08-18,9175,2017-08-12,2330,019877,,6,3,9,5300,0,1,3,,1,021,SR-3,"MILL RD",600.00,N,N,A,-,Y,,,3,,,,,,,Y,2,0,1,1,A,-,08,22107,,N,E,I,A,A,H,-,D,D,0,,,,,Y,,A,01,1,0,0,0,0,0,0,0,0,"- ","- ",40.5518,-123.1474,TRINITY,UNINCORPORATED,-123.14733403,40.551465739999998
90550833,2017,2017-09-19,9175,2017-09-15,1550,018328,,5,2,9,5300,0,3,5,,2,002,"RUTH ZENIA RD","VAN DUZEN RD",27456.00,S,N,A,-,N,,,,,,,,,,Y,2,0,3,2,A,-,01,23152,A,N,A,C,A,A,H,-,A,D,0,,,,,Y,Y,D,22,3,0,0,0,0,0,0,0,0,"- ","- ",40.236939999999997,-123.4405,TRINITY,UNINCORPORATED,-123.44625843,40.23834849
90571811,2017,2017-10-18,9175,2017-10-12,2130,020580,,4,2,9,5300,0,3,5,,2,002,"LOWER MAD RIVER ROAD","RUTH LAKE CAMPGROUND RD",317.00,S,N,A,-,N,,,,,,,,,,Y,2,0,3,2,A,-,01,23152,A,N,A,C,A,A,H,-,D,D,0,,,,,Y,Y,A,01,1,1,1,0,0,0,0,0,0,"- ","- ",40.3322,-123.39191,TRINITY,UNINCORPORATED,-123.38969886,40.326855350000002
90578664,2017,2017-10-25,9175,2017-10-16,0425,019485,,1,3,9,5300,0,3,5,,2,002,"SOUTH LOWER FORK ROAD","PELLETREAU ROAD",3168.00,W,N,A,-,N,,,,,,,,,,N,2,0,1,2,D,-,00,,,F,G,B,E,A,H,-,D,D,0,Y,,,,Y,Y,-,"- ",1,0,0,0,1,0,0,0,0,"- ","- ",40.61401,-123.46002,TRINITY,UNINCORPORATED,-123.45995486,40.614034949999997
90589168,2017,2017-11-07,9175,2017-11-02,0655,018328,,4,1,9,5300,0,1,3,,1,011,SR-299,"BREMER ST",12.00,W,N,B,-,Y,,,299,,,,,,,Y,2,0,1,2,A,-,08,22102,,N,D,C,A,A,H,-,D,D,0,,,Y,,Y,,A,01,1,0,0,0,0,0,0,0,1,"- ","- ",40.729340000000001,-122.93906,TRINITY,UNINCORPORATED,-122.93906610000001,40.72933432
90596058,2017,2017-11-16,9175,2017-11-10,1230,014636,,5,1,9,5300,0,1,3,,1,022,SR-36,"WILDWOOD RD",22704.00,W,N,C,-,Y,,,,,,,,,,Y,2,0,4,1,A,-,03,22350,,N,F,A,A,B,H,-,A,D,0,,,,,Y,,A,07,1,3,0,0,0,0,0,0,0,"- ","- ",,,TRINITY,UNINCORPORATED,-123.08944636,40.391906059999997