CASE_ID,ACCIDENT_YEAR,PROC_DATE,JURIS,COLLISION_DATE,COLLISION_TIME,OFFICER_ID,REPORTING_DISTRICT,DAY_OF_WEEK,CHP_SHIFT,POPULATION,CNTY_CITY_LOC,SPECIAL_COND,BEAT_TYPE,CHP_BEAT_TYPE,CITY_DIVISION_LAPD,CHP_BEAT_CLASS,BEAT_NUMBER,PRIMARY_RD,SECONDARY_RD,DISTANCE,DIRECTION,INTERSECTION,WEATHER_1,WEATHER_2,STATE_HWY_IND,CALTRANS_COUNTY,CALTRANS_DISTRICT,STATE_ROUTE,ROUTE_SUFFIX,POSTMILE_PREFIX,POSTMILE,LOCATION_TYPE,RAMP_INTERSECTION,SIDE_OF_HWY,TOW_AWAY,COLLISION_SEVERITY,NUMBER_KILLED,NUMBER_INJURED,PARTY_COUNT,PRIMARY_COLL_FACTOR,PCF_CODE_OF_VIOL,PCF_VIOL_CATEGORY,PCF_VIOLATION,PCF_VIOL_SUBSECTION,HIT_AND_RUN,TYPE_OF_COLLISION,MVIW,PED_ACTION,ROAD_SURFACE,ROAD_COND_1,ROAD_COND_2,LIGHTING,CONTROL_DEVICE,CHP_ROAD_TYPE,PEDESTRIAN_ACCIDENT,BICYCLE_ACCIDENT,MOTORCYCLE_ACCIDENT,TRUCK_ACCIDENT,NOT_PRIVATE_PROPERTY,ALCOHOL_INVOLVED,STWD_VEHTYPE_AT_FAULT,CHP_VEHTYPE_AT_FAULT,COUNT_SEVERE_INJ,COUNT_VISIBLE_INJ,COUNT_COMPLAINT_PAIN,COUNT_PED_KILLED,COUNT_PED_INJURED,COUNT_BICYCLIST_KILLED,COUNT_BICYCLIST_INJURED,COUNT_MC_KILLED,COUNT_MC_INJURED,PRIMARY_RAMP,SECONDARY_RAMP,LATITUDE,LONGITUDE,COUNTY,CITY,POINT_X,POINT_Y
90626224,2017,2017-12-26,9175,2017-12-20,2340,020683,,3,3,9,5300,0,3,5,,2,002,"LOWER MAD RIVER RD","JOHNSON LOOP",6864.00,S,N,A,-,N,,,,,,,,,,Y,2,0,1,1,A,-,01,23152,A,N,E,I,A,A,H,-,D,D,0,,,,,Y,Y,A,01,1,0,0,0,0,0,0,0,0,"- ","- ",40.250160000000001,-123.31833,TRINITY,UNINCORPORATED,-123.31925869,40.251510719999999
90632269,2017,2018-01-03,9175,2017-12-28,1355,018328,,4,1,9,5300,0,1,3,,1,010,SR-299,SR-3,127.00,E,N,A,-,Y,,,299,,,,,,,Y,2,0,1,1,A,-,08,22107,,N,E,I,A,B,H,-,A,D,0,,,,,Y,,A,07,1,0,0,0,0,0,0,0,0,"- ","- ",40.651499999999999,-122.93810000000001,TRINITY,UNINCORPORATED,-122.93809616999999,40.651470160000002
90687889,2018,2018-03-22,9175,2018-03-18,1855,020464,,7,2,9,5300,0,1,3,,1,011,SR-299,"INDUSTRIAL PKY",1940.00,E,N,A,-,Y,,,299,,,,,,,Y,2,0,1,1,A,-,01,23152,A,N,F,I,A,A,H,-,A,D,0,,,,,Y,Y,I,12,1,0,0,0,0,0,0,0,0,"- ","- ",40.705039978027344,-122.92507171630859,TRINITY,UNINCORPORATED,-122.9249267578125,40.705009460449219
90697444,2018,2018-04-03,9175,2018-03-26,1935,020464,,1,2,9,5300,0,1,3,,2,014,SR-299,"HENNESSEY RD",2640.00,W,N,A,-,Y,,,299,,,,,,,N,2,0,1,1,C,-,18,,,N,E,J,A,A,C,-,B,D,0,,,,,Y,,-,"- ",1,0,0,0,0,0,0,0,0,"- ","- ",40.816349029541016,-123.47834014892578,TRINITY,UNINCORPORATED,-123.47833251953125,40.816352844238281
90706914,2018,2018-04-17,9175,2018-04-08,1750,020464,,7,2,9,5300,0,3,5,,2,001,"SCHOOL HOUSE RD","LEWISTON TURNPIKE RD",57.00,S,N,A,-,N,,,,,,,,,,N,2,0,1,1,A,-,01,23152,A,N,F,A,A,A,H,-,A,D,0,,,Y,,Y,Y,C,02,1,0,0,0,0,0,0,0,1,"- ","- ",40.705780029296875,-122.80751800537109,TRINITY,UNINCORPORATED,-122.80751800537109,40.705780029296875
90707179,2018,2018-04-17,9175,2018-04-09,1115,15928,,1,1,9,5300,0,1,3,,1,010,"STATE ROUTE 299","RIVER RANCH ROAD",70.00,W,N,A,-,Y,,,,,,,,,,Y,2,0,2,1,A,-,08,22107,,N,E,I,A,A,H,-,A,D,0,,,,,Y,,A,01,2,0,0,0,0,0,0,0,0,"- ","- ",40.392551422119141,-122.55204772949219,TRINITY,UNINCORPORATED,-122.92736053466797,40.654659271240234
90709082,2018,2018-04-19,9175,2018-04-13,2050,021253,,5,2,9,5300,0,3,5,,2,002,"LOWER MAD RIVER ROAD",SR-36,58080.00,S,N,A,-,N,,,,,,,,,,Y,2,0,1,1,A,-,08,22107,,N,E,I,A,A,H,-,D,D,0,,,,,Y,,D,22,1,0,0,0,0,0,0,0,0,"- ","- ",40.430961608886719,-123.48605346679688,TRINITY,UNINCORPORATED,,
90712561,2018,2018-04-25,9175,2018-04-22,1138,018645,,7,1,9,5300,0,1,3,,1,022,SR-36,"36 TRI 8.2",208.00,E,N,A,-,Y,,,36,,,,,,,Y,2,0,1,1,A,-,08,22107,,N,F,I,A,A,H,-,A,D,0,,,Y,,Y,,C,02,1,0,0,0,0,0,0,0,1,"- ","- ",40.407119750976562,-123.44731140136719,TRINITY,UNINCORPORATED,-123.44721221923828,40.407161712646484
90726567,2018,2018-05-15,9175,2018-05-05,1959,020804,,6,2,9,5300,0,1,3,,1,021,SR-3,"MORGAN HILL RD",0.00,,Y,A,-,Y,,,3,,,,,,,Y,2,0,1,2,A,-,09,21802,A,N,A,C,A,A,H,-,D,A,0,,,Y,,Y,,C,02,1,0,0,0,0,0,0,0,1,"- ","- ",40.549308776855469,-123.19110870361328,TRINITY,UNINCORPORATED,-123.19117736816406,40.549308776855469
90727602,2018,2018-05-16,9175,2018-05-14,1130,019479,,1,1,9,5300,0,1,3,,1,022,SR-36,"WILD MAD RD",15840.00,W,N,A,-,Y,,,36,,,,,,,Y,2,0,1,1,A,-,08,22107,,N,F,A,A,A,H,-,A,D,0,,,Y,,Y,,C,02,1,0,0,0,0,0,0,0,1,"- ","- ",40.387821197509766,-123.10957336425781,TRINITY,UNINCORPORATED,-123.10956573486328,40.387744903564453
90741403,2018,2018-06-05,9175,2018-06-01,2120,021253,,5,2,9,5300,0,1,3,,2,015,SR-3,"GRANITE PEAK ROAD",150.00,S,N,A,-,Y,,,3,,,,,,,Y,2,0,1,1,A,-,08,22107,,N,F,A,A,A,H,-,D,D,0,,,,,Y,,A,07,1,0,0,0,0,0,0,0,0,"- ","- ",40.85552978515625,-122.82244110107422,TRINITY,UNINCORPORATED,-122.82246398925781,40.855548858642578
90746188,2018,2018-06-12,9175,2018-05-11,2335,020804,,5,3,9,5300,0,3,5,,2,002,"LOWER MAD RIVER ROAD",SR-36,20592.00,S,N,A,-,N,,,,,,,,,,Y,1,1,1,1,A,-,01,23152,A,N,F,A,A,A,H,-,D,D,0,,,,,Y,Y,A,07,0,0,1,0,0,0,0,0,0,"- ","- ",40.402320861816406,-123.46231842041016,TRINITY,UNINCORPORATED,-123.46144104003906,40.402156829833984
90751790,2018,2018-06-20,9175,2018-05-31,2500,014636,,4,4,9,5300,0,3,5,,2,001,"EASTSIDE RD",SR-3,60192.00,E,N,B,-,N,,,,,,,,,,Y,1,1,0,1,A,-,08,22107,,N,E,I,A,A,H,-,A,D,0,,,,,Y,,D,23,0,0,0,0,0,0,0,0,0,"- ","- ",40.969268798828125,-122.61387634277344,TRINITY,UNINCORPORATED,-122.61215972900391,40.968395233154297
90761850,2018,2018-07-03,9175,2018-06-30,2300,020464,,6,3,9,5300,0,3,5,,2,002,"LOWER MAD RIVER RD","KOKANEE WAY",30.00,N,N,A,-,N,,,,,,,,,,Y,2,0,1,1,A,-,08,22107,,N,F,I,A,A,H,-,D,D,0,,,,,Y,Y,A,01,1,0,0,0,0,0,0,0,0,"- ","- ",40.353958129882812,-123.41396331787109,TRINITY,UNINCORPORATED,-123.41407012939453,40.353912353515625
90767813,2018,2018-07-12,9175,2018-07-08,1245,012749,,7,1,9,5300,0,1,3,,2,014,SR-299,"SALYER LOOP RD",7920.00,E,N,A,-,Y,,,299,,,,,,,Y,2,0,3,2,A,-,01,23152,A,N,A,C,A,A,G,-,A,D,0,,,,,Y,,A,01,2,1,0,0,0,0,0,0,0,"- ","- ",40.887428283691406,-123.55999755859375,TRINITY,UNINCORPORATED,-123.56000518798828,40.887428283691406
90768748,2018,2018-07-13,9175,2018-07-12,2300,021253,,4,3,9,5300,0,3,5,,2,001,"FOUNTAIN RANCH ROAD","KNOLL ROAD",110.00,S,N,A,-,Y,,,,,,,,,,Y,2,0,1,1,A,-,08,22107,,N,F,A,A,A,H,-,C,D,0,,,,,Y,,A,07,1,0,0,0,0,0,0,0,0,"- ","- ",40.896030426025391,-123.58332061767578,TRINITY,UNINCORPORATED,-123.58332061767578,40.896030426025391
90794611,2018,2018-08-21,9175,2018-08-15,1315,016084,,3,1,9,5300,0,3,5,,2,002,"KERLIN CREEK ROAD","LOWER SOUTH FORK ROAD",9504.00,S,N,A,-,N,,,,,,,,,,N,2,0,2,1,A,-,03,22350,,N,F,A,A,A,H,-,A,D,0,,,,,Y,,E,22,1,1,0,0,0,0,0,0,0,"- ","- ",40.620121002197266,-123.50041198730469,TRINITY,UNINCORPORATED,-123.50059509277344,40.620098114013672
90808142,2018,2018-09-07,9175,2018-09-02,1510,019877,,7,2,9,5300,0,3,5,,2,002,"HYAMPOM RD",SR-3,5280.00,W,N,A,-,N,,,,,,,,,,N,2,0,1,1,C,-,18,,,N,H,H,A,A,H,-,A,D,0,,,Y,,Y,,-,"- ",1,0,0,0,0,0,0,0,1,"- ","- ",40.557838439941406,-123.22801208496094,TRINITY,UNINCORPORATED,-123.20944976806641,40.553234100341797
90815911,2018,2018-09-18,9175,2018-09-15,1310,019485,,6,1,9,5300,0,1,3,,1,022,SR-36,SR-3,3168.00,W,N,A,-,Y,,,36,,,,,,,N,2,0,1,2,D,-,00,,,N,B,C,A,A,H,-,A,D,0,,,Y,,Y,,-,"- ",1,0,0,0,0,0,0,0,1,"- ","- ",40.417278289794922,-123.17842102050781,TRINITY,UNINCORPORATED,-123.17841339111328,40.417255401611328
90820650,2018,2018-09-25,9175,2018-09-09,2335,018645,,7,3,9,5300,0,1,3,,2,014,SR-299,"PONY CREEK ROAD",2640.00,W,N,A,-,Y,,,299,,,,,,,Y,1,1,5,1,A,-,01,23152,A,N,E,I,A,A,H,-,D,D,0,,,,,Y,Y,A,07,2,3,0,0,0,0,0,0,0,"- ","- ",40.859970092773438,-123.51168060302734,TRINITY,UNINCORPORATED,-123.51165771484375,40.860004425048828
90821044,2018,2018-09-25,9175,2018-09-22,1550,020464,,6,2,9,5300,0,3,5,,2,002,"LOWER MAD RIVER RD",SR-36,28565.00,S,N,A,-,N,,,,,,,,,,Y,2,0,1,1,A,-,08,22107,,N,F,A,A,A,H,-,A,D,0,,,,,Y,,A,07,1,0,0,0,0,0,0,0,0,"- ","- ",40.385540008544922,-123.44796752929688,TRINITY,UNINCORPORATED,-123.447968,40.385539999999999
90840175,2018,2018-10-19,9175,2018-10-14,1310,019485,,7,1,9,5300,0,3,5,,2,001,"DIRT/GRAVEL SERVICE ROAD","AIRPORT RD",2640.00,W,N,A,-,N,,,,,,,,,,N,2,0,1,1,A,-,08,22107,,N,E,J,A,A,H,-,A,D,0,,,Y,,Y,,C,02,1,0,0,0,0,0,0,0,1,"- ","- ",40.987701416015625,-122.69680023193359,TRINITY,UNINCORPORATED,,
90843642,2018,2018-10-24,9175,2018-10-23,1850,016084,,2,2,9,5300,0,1,3,,1,010,"RT 299","POKER BAR ROAD",60.00,E,N,A,-,Y,,,299,,,,,,,Y,2,0,1,1,C,-,18,,,N,H,H,A,A,H,-,D,D,0,,,Y,,Y,,-,"- ",1,0,0,0,0,0,0,0,1,"- ","- ",40.673038482666016,-122.87795257568359,TRINITY,UNINCORPORATED,-122.87795257568359,40.673019409179688
90861607,2018,2018-11-16,9175,2018-11-12,1331,018507,,1,1,9,5300,0,3,5,,2,002,"NATIONAL FOREST- SOUTH OF RUTH LAKE",UNKNOWN,0.00,,Y,A,-,N,,,,,,,,,,N,2,0,1,1,D,-,00,,,N,H,J,A,A,G,-,A,D,0,,,,,Y,,-,"- ",1,0,0,0,0,0,0,0,0,"- ","- ",40.262229919433594,-123.28395843505859,TRINITY,UNINCORPORATED,,
90872631,2018,2018-11-30,9175,2018-11-22,0850,019479,,4,1,9,5300,0,1,3,,1,010,SR-299,"LEWISTON RD",372.00,W,N,C,-,Y,,,299,,,,,,,Y,2,0,3,2,A,-,05,21460,A,N,A,C,A,B,H,-,A,D,0,,,,,Y,,D,22,2,1,0,0,0,0,0,0,0,"- ","- ",40.672298431396484,-122.86386108398438,TRINITY,UNINCORPORATED,-122.86387634277344,40.672325134277344
90873558,2018,2018-12-03,9175,2018-11-30,1700,020580,,5,2,9,5300,0,1,3,,2,013,SR-299,"CORRAL BOTTOM RD",4752.00,W,N,B,-,Y,,,299,,,,,,,Y,2,0,2,1,A,-,08,22107,,N,E,I,A,B,H,-,B,D,0,,,,,Y,,A,01,2,0,0,0,0,0,0,0,0,"- ","- ",40.743911743164062,-123.26789093017578,TRINITY,UNINCORPORATED,-123.2679443359375,40.743858337402344
90879973,2018,2018-12-11,9175,2018-12-02,1728,018645,,7,2,9,5300,0,1,3,,1,021,SR-3,"HORSE WATER LN",195.00,N,N,A,-,Y,,,3,,,,,,,N,2,0,1,2,A,-,11,21954,A,N,G,B,D,A,H,-,C,D,0,Y,,,,Y,,N,60,1,0,0,0,1,0,0,0,0,"- ","- ",40.554050445556641,-123.18044281005859,TRINITY,UNINCORPORATED,-123.18044281005859,40.554115295410156
90890500,2018,2019-02-14,9175,2018-07-02,2500,018645,,1,4,9,5300,0,1,3,,1,016,SR-3,"EASTSIDE RD",1107.00,S,N,A,-,Y,,,3,,,,,,,Y,1,1,0,1,A,-,08,22107,,N,F,A,A,A,H,-,A,D,0,,,,,Y,,A,07,0,0,0,0,0,0,0,0,0,"- ","- ",41.050128936767578,-122.69970703125,TRINITY,UNINCORPORATED,-122.69972991943359,41.050155639648438
90922501,2019,2019-02-08,9175,2019-01-29,2200,020464,,2,3,9,5300,0,1,3,,2,014,SR-299,"SUZY Q RD",2230.00,W,N,A,-,Y,,,299,,,,,,,Y,2,0,1,1,A,-,08,22107,,N,F,I,A,A,H,-,D,D,0,,,,,Y,,D,22,1,0,0,0,0,0,0,0,0,"- ","- ",40.881988525390625,-123.54425048828125,TRINITY,UNINCORPORATED,-123.54425811767578,40.881980895996094
90946564,2019,2019-03-14,9175,2019-03-11,0004,020683,,1,3,9,5300,0,3,5,,2,002,"BRADY RD","EWING RD",214.00,E,N,A,-,N,,,,,,,,,,Y,2,0,1,1,A,-,08,22107,,N,E,I,A,A,H,-,D,D,0,,,,,Y,,A,01,1,0,0,0,0,0,0,0,0,"- ","- ",40.562110900878906,-123.17581939697266,TRINITY,UNINCORPORATED,-123.17561340332031,40.563190460205078
91009221,2019,2019-10-17,9175,2019-05-10,1407,020464,,5,2,9,5300,0,3,5,,2,001,"TRINITY DAM BOULEVARD","BUCKEYE RIDGE RD",7445.00,W,N,A,-,N,,,,,,,,,,Y,1,1,1,1,A,-,03,22350,,N,F,I,A,A,H,-,A,D,0,,,,,Y,,A,01,0,1,0,0,0,0,0,0,0,"- ","- ",40.803741455078125,-122.84191131591797,TRINITY,UNINCORPORATED,-122.87957763671875,40.800064086914062
91032223,2019,2019-07-17,9175,2019-07-11,1615,016084,,4,2,9,5300,0,3,5,,2,002,"LOWER MAD RIVER ROAD",SR-36,29040.00,S,N,A,-,N,,,,,,,,,,Y,2,0,1,1,A,-,03,22350,,N,E,I,A,A,H,-,A,D,0,,,,,Y,Y,D,22,1,0,0,0,0,0,0,0,0,"- ","- ",40.230720520019531,-123.26522827148438,TRINITY,UNINCORPORATED,-123.44766235351562,40.384860992431641
91045535,2019,2019-10-01,9175,2019-07-30,1455,019485,,2,2,9,5300,0,1,3,,2,013,"SR-299 E/B","CORRAL BOTTOM RD",24288.00,W,N,A,-,Y,,,299,,,,,,E,Y,1,1,0,1,A,-,08,22107,,N,E,I,A,A,H,-,A,D,0,,,Y,,Y,,C,02,0,0,0,0,0,0,0,1,0,"- ","- ",40.76361083984375,-123.29055023193359,TRINITY,UNINCORPORATED,-123.29051971435547,40.763641357421875
91050825,2019,2019-08-13,9175,2019-08-01,1755,019877,,4,2,9,5300,0,1,3,,1,016,SR-3,"LAKE FOREST DR",1056.00,S,N,A,-,Y,,,3,,,,,,,Y,2,0,3,1,A,-,08,22107,,F,E,I,A,A,H,-,A,D,0,,,,,Y,,D,22,3,0,0,0,0,0,0,0,0,"- ","- ",40.907821655273438,-122.77690887451172,TRINITY,UNINCORPORATED,-122.77676391601562,40.907695770263672
91058381,2019,2019-08-23,9175,2019-08-14,2135,019485,,3,2,9,5300,0,3,5,,2,002,"LANCE GULCH RD","BROWNS RANCH RD",0.00,,Y,A,-,N,,,,,,,,,,Y,2,0,1,1,A,-,01,23152,A,N,E,I,A,A,H,-,C,D,0,,,,,Y,Y,A,07,1,0,0,0,0,0,0,0,0,"- ","- ",40.734291076660156,-122.92655181884766,TRINITY,UNINCORPORATED,-122.9263916015625,40.734149932861328
91059230,2019,2019-10-16,9175,2019-08-18,1850,016084,,7,2,9,5300,0,1,3,,1,010,"RT 299","HOADLEY PEAKS RD",2112.00,W,N,A,-,Y,,,299,,,,,,,Y,2,0,1,2,A,-,07,21658,A,N,B,C,A,A,H,-,A,D,0,,,Y,,Y,,A,01,1,0,0,0,0,0,0,0,1,"- ","- ",40.635318756103516,-122.73341369628906,TRINITY,UNINCORPORATED,-122.7335205078125,40.635433197021484
91065857,2019,2019-09-03,9175,2019-08-31,1950,019485,,6,2,9,5300,0,3,5,,2,001,"RUSH CREEK RD","LEWISTON TURNPIKE RD",143.00,W,N,A,-,N,,,,,,,,,,Y,2,0,2,2,A,-,01,23152,A,N,A,C,A,A,H,-,A,D,0,,,,,Y,Y,D,22,1,1,0,0,0,0,0,0,0,"- ","- ",40.709438323974609,-122.81101226806641,TRINITY,UNINCORPORATED,-122.81105804443359,40.709342956542969
91066333,2019,2019-09-03,9175,2019-08-31,0022,020722,,6,3,9,5300,0,1,3,,2,014,"SR-299 E/B","CAMPBELL RIDGE RD",134.00,W,N,A,-,Y,,,299,,,,,,E,N,2,0,1,2,A,-,08,22107,,F,G,B,E,A,H,-,D,D,0,Y,,,,Y,,-,99,1,0,0,0,1,0,0,0,0,"- ","- ",40.890239715576172,-123.58473205566406,TRINITY,UNINCORPORATED,-123.58480072021484,40.890285491943359
91087140,2019,2019-09-30,9175,2019-09-21,1210,019479,,6,1,9,5300,0,3,5,,2,002,"OREGON STREET","OREGON MOUNTAIN RD",2640.00,N,N,A,-,N,,,,,,,,,,Y,2,0,3,1,A,-,08,22107,,N,E,I,A,A,H,-,A,D,0,,,,,Y,,A,08,1,1,1,0,0,0,0,0,0,"- ","- ",40.733741760253906,-122.97737121582031,TRINITY,UNINCORPORATED,-122.99407196044922,40.733470916748047
91101622,2019,2019-10-21,9175,2019-10-12,0018,020722,,6,3,9,5300,0,3,5,,2,002,"HYAMPOM RD","FOX LN",292.00,W,N,A,-,N,,,,,,,,,,Y,2,0,1,1,A,-,01,23152,A,N,E,I,A,A,H,-,D,D,0,,,,,Y,Y,D,22,1,0,0,0,0,0,0,0,0,"- ","- ",40.567268371582031,-123.23297119140625,TRINITY,UNINCORPORATED,-123.23284149169922,40.567230224609375
91112424,2019,2019-11-04,9175,2019-11-02,0119,020786,,6,3,9,5300,0,1,3,,1,021,SR-3,"EAST RD",86.00,N,N,A,-,Y,,,3,,,,,,,Y,2,0,1,1,A,-,08,22107,,N,E,I,A,A,H,-,D,D,0,,,,,Y,,A,07,1,0,0,0,0,0,0,0,0,"- ","- ",40.557380676269531,-123.13336181640625,TRINITY,UNINCORPORATED,-123.13333892822266,40.557319641113281
91142726,2019,2019-12-13,9175,2019-12-07,0006,020722,,6,3,9,5300,0,1,3,,1,011,"SR-299 E/B","LITTLE BROWNS CREEK RD",177.00,N,N,C,-,Y,,,299,,,,,,E,Y,2,0,1,1,A,-,01,23152,A,N,F,I,A,B,H,-,D,D,0,,,,,Y,Y,A,01,1,0,0,0,0,0,0,0,0,"- ","- ",40.695980072021484,-122.92900085449219,TRINITY,UNINCORPORATED,-122.92885589599609,40.695987701416016
91157783,2019,2020-01-02,9175,2019-12-31,2233,020683,,2,3,9,5300,0,1,3,,1,021,SR-3,"RATTLESNAKE RD",509.00,N,N,B,-,Y,,,3,,,,,,,Y,2,0,1,1,A,-,03,22350,,N,F,A,A,A,H,-,D,D,0,,,Y,,Y,,C,02,1,0,0,0,0,0,0,0,1,"- ","- ",40.467521667480469,-123.17008209228516,TRINITY,UNINCORPORATED,-123.16957092285156,40.467620849609375
91185383,2019,2020-02-12,9175,2019-12-22,2500,019479,,7,4,9,5300,0,1,3,,2,014,SR-299,"SCHOOL HOUSE RD",2112.00,W,N,B,-,Y,,,299,,,,,,,Y,1,1,0,1,A,-,08,22107,,N,E,I,A,B,H,-,D,D,0,,,,,Y,,A,01,0,0,0,0,0,0,0,0,0,"- ","- ",40.813591003417969,-123.47783660888672,TRINITY,UNINCORPORATED,-123.47835540771484,40.813980102539062
91234363,2020,2020-05-06,9175,2020-04-25,1958,020722,,6,2,9,5300,0,1,3,,1,021,"SR-3 S/B","FOREST AVE",634.00,S,N,A,-,Y,,,3,,,,,,S,N,2,0,1,1,A,-,03,22350,,N,F,A,A,A,H,-,A,D,0,,,Y,,Y,,C,02,1,0,0,0,0,0,0,0,1,"- ","- ",40.553009033203125,-123.16487884521484,TRINITY,UNINCORPORATED,-123.16488647460938,40.552959442138672
91236258,2020,2020-05-11,9175,2020-05-03,1330,019479,,7,1,9,5300,0,1,3,,1,022,SR-36,30N22,1056.00,E,N,A,-,Y,,,36,,,,,,,Y,2,0,1,1,A,-,08,22107,,N,E,I,A,A,H,-,A,D,0,,,,,Y,,A,07,1,0,0,0,0,0,0,0,0,"- ","- ",40.387760162353516,-123.07215118408203,TRINITY,UNINCORPORATED,-123.07217407226562,40.387836456298828
91238443,2020,2020-05-15,9175,2020-05-09,1530,019877,,6,2,9,5300,0,3,5,,2,002,"FOREST SERVICE RD 33N47","CORRAL BOTTOM RD",11088.00,W,N,A,-,N,,,,,,,,,,Y,2,0,2,1,A,-,08,22107,,N,F,A,A,A,H,-,A,D,0,,,,,Y,,A,01,2,0,0,0,0,0,0,0,0,"- ","- ",40.681999206542969,-123.12290191650391,TRINITY,UNINCORPORATED,,
91245558,2020,2020-06-01,9175,2020-05-24,1310,019811,,7,1,9,5300,0,1,3,,2,013,SR-299,"FOREST ROUTE 4",1885.00,E,N,A,-,Y,,,299,,,,,,,Y,2,0,1,1,C,-,18,,,N,E,H,A,A,H,-,A,D,0,,,Y,,Y,,-,"- ",1,0,0,0,0,0,0,0,1,"- ","- ",40.788120269775391,-123.34760284423828,TRINITY,UNINCORPORATED,-123.34764099121094,40.788120269775391
91245562,2020,2020-06-01,9175,2020-05-25,0540,018268,,1,3,9,5300,0,1,3,,1,010,SR-299,"WILSON MOUNTAIN RD",374.00,E,N,A,-,Y,,,299,,,,,,,Y,2,0,1,1,A,-,08,22107,,M,E,I,A,A,H,-,B,D,0,,,,,Y,,D,22,1,0,0,0,0,0,0,0,0,"- ","- ",40.656429290771484,-122.91316223144531,TRINITY,UNINCORPORATED,-122.91318511962891,40.656391143798828
91247796,2020,2020-06-05,9175,2020-06-02,2040,019877,,2,2,9,5300,0,3,5,,2,002,"BRADY RD",SR-3,7920.00,W,N,A,-,N,,,,,,,,,,N,2,0,1,1,A,-,03,22350,,N,E,I,A,A,H,-,A,D,0,,,Y,,Y,,C,02,1,0,0,0,0,0,0,0,1,"- ","- ",40.575298309326172,-123.18119812011719,TRINITY,UNINCORPORATED,-123.18195343017578,40.554130554199219
91248173,2020,2020-06-08,9175,2020-05-23,1750,019877,,6,2,9,5300,0,1,3,,2,015,SR-3,"TANNERY GULCH RD",2640.00,S,N,A,-,Y,,,3,,,,,,,Y,1,1,1,1,A,-,01,23152,A,N,E,I,A,A,H,-,A,D,0,,,,,Y,Y,D,22,1,0,0,0,0,0,0,0,0,"- ","- ",40.828689575195312,-122.89034271240234,TRINITY,UNINCORPORATED,-122.89030456542969,40.82861328125
91265184,2020,2020-07-08,9175,2020-06-27,1623,020722,,6,2,9,5300,0,1,3,,1,022,"SR-36 W/B","TRINITY PINES DR",0.00,,Y,A,-,Y,,,36,,,,,,W,Y,2,0,1,2,A,-,09,21802,A,N,D,C,A,A,H,-,A,D,0,,,Y,,Y,,D,22,1,0,0,0,0,0,0,0,1,"- ","- ",40.403388977050781,-123.20542144775391,TRINITY,UNINCORPORATED,-123.20541381835938,40.403377532958984