CASE_ID,ACCIDENT_YEAR,PROC_DATE,JURIS,COLLISION_DATE,COLLISION_TIME,OFFICER_ID,REPORTING_DISTRICT,DAY_OF_WEEK,CHP_SHIFT,POPULATION,CNTY_CITY_LOC,SPECIAL_COND,BEAT_TYPE,CHP_BEAT_TYPE,CITY_DIVISION_LAPD,CHP_BEAT_CLASS,BEAT_NUMBER,PRIMARY_RD,SECONDARY_RD,DISTANCE,DIRECTION,INTERSECTION,WEATHER_1,WEATHER_2,STATE_HWY_IND,CALTRANS_COUNTY,CALTRANS_DISTRICT,STATE_ROUTE,ROUTE_SUFFIX,POSTMILE_PREFIX,POSTMILE,LOCATION_TYPE,RAMP_INTERSECTION,SIDE_OF_HWY,TOW_AWAY,COLLISION_SEVERITY,NUMBER_KILLED,NUMBER_INJURED,PARTY_COUNT,PRIMARY_COLL_FACTOR,PCF_CODE_OF_VIOL,PCF_VIOL_CATEGORY,PCF_VIOLATION,PCF_VIOL_SUBSECTION,HIT_AND_RUN,TYPE_OF_COLLISION,MVIW,PED_ACTION,ROAD_SURFACE,ROAD_COND_1,ROAD_COND_2,LIGHTING,CONTROL_DEVICE,CHP_ROAD_TYPE,PEDESTRIAN_ACCIDENT,BICYCLE_ACCIDENT,MOTORCYCLE_ACCIDENT,TRUCK_ACCIDENT,NOT_PRIVATE_PROPERTY,ALCOHOL_INVOLVED,STWD_VEHTYPE_AT_FAULT,CHP_VEHTYPE_AT_FAULT,COUNT_SEVERE_INJ,COUNT_VISIBLE_INJ,COUNT_COMPLAINT_PAIN,COUNT_PED_KILLED,COUNT_PED_INJURED,COUNT_BICYCLIST_KILLED,COUNT_BICYCLIST_INJURED,COUNT_MC_KILLED,COUNT_MC_INJURED,PRIMARY_RAMP,SECONDARY_RAMP,LATITUDE,LONGITUDE,COUNTY,CITY,POINT_X,POINT_Y
91265238,2020,2020-07-08,9175,2020-07-05,1335,019479,,7,1,9,5300,0,1,3,,1,022,SR-36,SR-3,19008.00,E,N,A,-,Y,,,36,,,,,,,Y,2,0,1,1,A,-,08,22107,,N,F,A,A,A,H,-,A,D,0,,,Y,,Y,,C,02,1,0,0,0,0,0,0,0,1,"- ","- ",40.398448944091797,-123.131103515625,TRINITY,UNINCORPORATED,-123.13117218017578,40.398414611816406
91265264,2020,2020-07-08,9175,2020-07-05,0730,020363,,7,1,9,5300,0,3,5,,2,001,"TRINITY DAM BLVD","EAGLE MOUNTAIN RD.",500.00,S,N,A,-,N,,,,,,,,,,N,2,0,1,1,C,-,18,,,N,H,H,A,A,H,-,A,D,0,,,Y,,Y,,-,"- ",1,0,0,0,0,0,0,0,1,"- ","- ",40.7718505859375,-122.77951049804688,TRINITY,UNINCORPORATED,-122.78519439697266,40.764354705810547
91277044,2020,2020-07-30,9175,2020-07-06,0030,020464,,1,3,9,5300,0,1,3,,1,012,SR-299,"EAST FORK ROAD",17952.00,W,N,A,-,Y,,,299,,,,,,,Y,2,0,1,1,A,-,08,22107,,F,E,I,A,A,H,-,D,D,0,,,,,Y,,A,01,1,0,0,0,0,0,0,0,0,"- ","- ",40.747631072998047,-123.17118072509766,TRINITY,UNINCORPORATED,-123.17115783691406,40.747589111328125
91277328,2020,2020-07-30,9175,2020-07-24,2210,020786,,5,3,9,5300,0,1,3,,1,020,"SR-3 N/B","DEER LICK SPRINGS RD",2112.00,S,N,A,-,Y,,,3,,,,,,N,Y,2,0,1,1,A,-,01,23152,A,N,E,I,A,A,H,-,D,D,0,,,,,Y,Y,D,22,1,0,0,0,0,0,0,0,0,"- ","- ",40.614189147949219,-122.94441223144531,TRINITY,UNINCORPORATED,-122.94442749023438,40.614173889160156
91280632,2020,2020-08-04,9175,2020-07-26,0605,019811,,7,1,9,5300,0,1,3,,1,016,SR-3,"BOWERMAN RIDGE ROAD",1848.00,S,N,A,-,Y,,,3,,,,,,,Y,2,0,1,1,A,-,08,22107,,N,E,I,A,A,H,-,A,D,0,,,,,Y,,D,22,1,0,0,0,0,0,0,0,0,"- ","- ",40.940319061279297,-122.74873352050781,TRINITY,UNINCORPORATED,-122.74871063232422,40.940319061279297
91289715,2020,2020-08-20,9175,2020-08-09,0300,018268,,7,3,9,5300,0,3,5,,2,002,"VAN DUZEN RD",SR-36,49632.00,S,N,A,-,N,,,,,,,,,,Y,2,0,2,1,A,-,01,23152,A,N,E,I,A,A,H,-,D,A,0,,,,,Y,Y,D,22,1,1,0,0,0,0,0,0,0,"- ","- ",40.346900939941406,-123.48226165771484,TRINITY,UNINCORPORATED,-123.48462677001953,40.351554870605469
91306267,2020,2020-09-17,9175,2020-09-15,2300,020683,,2,3,9,5300,0,1,3,,1,022,SR-36,SR-3,700.00,E,N,A,-,Y,,,36,,,,,,,Y,2,0,1,1,A,-,01,23152,A,N,E,I,A,A,H,-,D,D,0,,,,,Y,Y,A,07,1,0,0,0,0,0,0,0,0,"- ","- ",40.42095947265625,-123.17340850830078,TRINITY,UNINCORPORATED,-123.17325592041016,40.420845031738281
91308551,2020,2020-12-09,9175,2020-09-12,0430,020464,,6,3,9,5300,0,1,3,,2,013,SR-299,"CORAL BOTTOM ROAD",13200.00,W,N,A,-,Y,,,299,,,,,,,Y,1,1,0,1,A,-,01,23152,F,N,E,I,A,A,H,-,D,D,0,,,,Y,Y,,F,55,0,0,0,0,0,0,0,0,0,"- ","- ",40.760990142822266,-123.28189849853516,TRINITY,UNINCORPORATED,-123.28190612792969,40.760982513427734
91341220,2020,2021-01-08,9175,2020-10-20,1955,018507,,2,2,9,5300,0,1,3,,1,021,SR-3,"SUMMIT CREEK ROAD",0.00,,N,A,-,Y,,,,,,,,,,Y,1,1,0,1,A,-,03,22350,,N,E,I,A,A,H,-,D,D,0,,,,,Y,,D,22,0,0,0,0,0,0,0,0,0,"- ","- ",40.350090026855469,-123.02111053466797,TRINITY,UNINCORPORATED,-123.09007263183594,40.576309204101562
91354059,2020,2020-11-25,9175,2020-11-16,2500,016084,,1,4,9,5300,0,1,3,,1,020,"RT 3","DEERLICK SPRINGS ROAD",148.00,S,N,B,-,Y,,,3,,,,,,,Y,1,1,0,1,A,-,08,22107,,N,E,I,A,B,H,-,A,D,0,,,,,Y,,D,22,0,0,0,0,0,0,0,0,0,"- ","- ",40.612701416015625,-122.9385986328125,TRINITY,UNINCORPORATED,-122.93858337402344,40.612838745117188
91362052,2020,2020-12-09,9175,2020-11-28,1930,020683,,6,2,9,5300,0,3,5,,2,001,"RUSH CREEK ROAD","RUSH CREEK DRIVE",8976.00,E,N,A,-,N,,,,,,,,,,Y,2,0,3,1,A,-,03,22350,,N,E,I,A,C,H,-,D,D,0,,,,,Y,,A,07,1,1,1,0,0,0,0,0,0,"- ","- ",40.780048370361328,-122.86891937255859,TRINITY,UNINCORPORATED,-122.87192535400391,40.779140472412109
91375601,2020,2020-12-28,9175,2020-12-17,2134,020786,,4,2,9,5300,0,1,3,,1,011,"SR-299 EB","INDUSTRIAL PKY",2112.00,E,N,B,-,Y,,,299,,,,,,E,Y,2,0,1,1,A,-,08,22107,,N,E,I,A,B,H,-,D,D,0,,,,,Y,,A,01,1,0,0,0,0,0,0,0,0,"- ","- ",40.703678131103516,-122.92526245117188,TRINITY,UNINCORPORATED,-122.92519378662109,40.703666687011719
91388110,2021,2021-01-15,9175,2021-01-13,2215,020363,,3,3,9,5300,0,3,5,,2,002,"OREGON ST","DEMOCRAT GULCH RD",1056.00,N,N,B,-,N,,,,,,,,,,Y,2,0,2,1,A,-,08,22107,,N,E,I,A,B,H,-,D,D,0,,,,,Y,,D,22,1,1,0,0,0,0,0,0,0,"- ","- ",40.733318328857422,-122.96450805664062,TRINITY,UNINCORPORATED,-122.95742797851562,40.731689453125
91408927,2021,2021-02-16,9175,2021-02-07,2300,021253,,7,3,9,5300,0,1,3,,1,021,SR-3,"DEER LICK SPRINGS RD",3696.00,S,N,A,-,Y,,,3,,,,,,,Y,2,0,3,1,A,-,08,22107,,F,E,J,A,A,H,-,D,D,0,,,,,Y,,A,01,1,1,1,0,0,0,0,0,0,"- ","- ",40.615699768066406,-122.94658660888672,TRINITY,UNINCORPORATED,-122.94650268554688,40.615737915039062
91415486,2021,2021-02-25,9175,2021-02-19,0720,019811,,5,1,9,5300,0,1,3,,1,021,SR-3,"EAST ROAD",1435.00,N,N,B,-,Y,,,3,,,,,,,Y,2,0,1,1,A,-,08,22107,,N,E,I,A,B,H,-,A,D,0,,,,,Y,,A,01,1,0,0,0,0,0,0,0,0,"- ","- ",40.558208465576172,-123.12969970703125,TRINITY,UNINCORPORATED,-123.12969207763672,40.558151245117188
91458528,2021,2021-06-04,9175,2021-04-10,2500,019811,,6,4,9,5300,0,1,3,,1,012,SR-299,"CORRAL BOTTOM RD",3168.00,E,N,A,-,Y,,,299,,,,,,,Y,1,1,0,1,A,-,08,22107,,N,E,I,A,A,H,-,D,D,0,,,,,Y,,A,07,0,0,0,0,0,0,0,0,0,"- ","- ",40.739089965820312,-123.23995971679688,TRINITY,UNINCORPORATED,-123.23995971679688,40.739238739013672
91481226,2021,2021-05-27,9175,2021-05-21,1035,018268,,5,1,9,5300,0,1,3,,2,014,SR-299,"HENNESSEY RD",125.00,W,N,A,-,Y,,,299,,,,,,,Y,2,0,3,2,A,-,09,21804,A,N,D,C,A,A,H,-,A,D,0,,,,,Y,,A,07,2,1,0,0,0,0,0,0,0,"- ","- ",40.822288513183594,-123.48356628417969,TRINITY,UNINCORPORATED,-123.48352813720703,40.822307586669922
91495173,2021,2021-09-21,9175,2021-05-10,0001,021253,,1,3,9,5300,0,1,3,,1,021,SR-3,"ROURKE RANCH ROAD",2640.00,S,N,A,-,Y,,,3,,,,,,,Y,1,1,2,2,A,-,01,23152,A,N,A,C,A,A,H,-,D,D,0,,,,,Y,Y,A,01,2,0,0,0,0,0,0,0,0,"- ","- ",40.531051635742188,-123.18350982666016,TRINITY,UNINCORPORATED,-123.18353271484375,40.531040191650391
91495999,2021,2021-06-14,9175,2021-06-09,0115,021253,,3,3,9,5300,0,3,5,,2,002,"TULE CREEK ROAD","JESSIE ROAD",1584.00,W,N,A,-,N,,,,,,,,,,Y,2,0,1,1,A,-,01,23152,A,N,E,I,A,A,H,-,D,D,0,,,,,Y,Y,A,08,1,0,0,0,0,0,0,0,0,"- ","- ",40.544078826904297,-123.21331024169922,TRINITY,UNINCORPORATED,-123.21260833740234,40.544509887695312
91502575,2021,2021-06-22,9175,2021-06-09,1725,019877,,3,2,9,5300,0,1,3,,1,011,SR-299,SR-3,20.00,E,N,B,C,Y,,,299,,,,,,,N,2,0,1,2,A,-,10,21950,A,N,G,B,B,B,H,-,A,A,0,Y,,,,Y,,A,07,1,0,0,0,1,0,0,0,0,"- ","- ",40.732688903808594,-122.94049835205078,TRINITY,UNINCORPORATED,-122.94048309326172,40.732696533203125
91509138,2021,2021-06-29,9175,2021-06-21,2500,015928,,1,4,9,5300,0,1,3,,1,022,"STATE ROUTE 36","USFS ROAD 1S02",33.00,E,N,A,-,Y,,,,,,,,,,Y,2,0,1,1,A,-,08,22107,,N,E,I,A,A,H,-,A,D,0,,,,,Y,,A,01,1,0,0,0,0,0,0,0,0,"- ","- ",40.232509613037109,-123.23504638671875,TRINITY,UNINCORPORATED,,
91524858,2021,2022-05-06,9175,2021-07-14,1140,020464,,3,1,9,5300,0,1,3,,1,022,SR-36,"SOUTH FORK MOUNTAIN ROAD",10032.00,W,N,A,-,Y,,,36,,,,,,,N,1,1,0,1,A,-,08,22107,,N,E,I,A,A,H,-,A,D,0,,,Y,,Y,,C,02,0,0,0,0,0,0,0,1,0,"- ","- ",40.406970977783203,-123.44725036621094,TRINITY,UNINCORPORATED,-123.4471435546875,40.407039642333984
91544950,2021,2021-08-16,9175,2021-06-12,0030,020786,,6,3,9,5300,0,1,3,,2,014,"SR-299 WB","CAMPBELL RIDGE RD",489.00,E,N,B,-,Y,,,299,,,,,,W,Y,1,1,1,1,A,-,08,22107,,N,E,I,A,B,H,-,D,D,0,,,,,Y,Y,A,01,1,0,0,0,0,0,0,0,0,"- ","- ",40.891780853271484,-123.58383941650391,TRINITY,UNINCORPORATED,-123.58377075195312,40.891712188720703
91550167,2021,2021-08-20,9175,2021-08-16,1545,018268,,1,2,9,5300,0,3,5,,2,002,"HASTINGS TIE RD",SR-36,39072.00,N,N,A,-,N,,,,,,,,,,Y,2,0,1,1,A,-,03,22350,,N,F,I,A,A,A,B,A,D,0,,,Y,,Y,,C,02,1,0,0,0,0,0,0,0,1,"- ","- ",40.314601898193359,-123.30400085449219,TRINITY,UNINCORPORATED,-123.50663757324219,40.525112152099609
91550464,2021,2021-08-20,9175,2021-07-10,1220,019811,,6,1,9,5300,0,1,3,,1,021,"STATE ROUTE 3","WILDWOOD ROAD",2112.00,N,N,A,-,Y,,,3,,,,,,,Y,1,1,1,1,A,-,01,23152,A,N,E,I,A,A,H,-,A,D,0,,,,,Y,Y,A,01,1,0,0,0,0,0,0,0,0,"- ","- ",40.569198608398438,-123.10350036621094,TRINITY,UNINCORPORATED,-123.10345458984375,40.56915283203125
91550481,2021,2021-08-20,9175,2021-07-09,1540,020363,,5,2,9,5300,0,3,5,,2,002,"CORRAL BOTTOM ROAD","OLSEN CREEK ROAD",14256.00,N,N,A,-,N,,,,,,,,,,Y,1,1,0,1,A,-,01,23152,A,N,E,I,A,A,H,-,A,D,0,,,,,Y,Y,A,01,0,0,0,0,0,0,0,0,0,"- ","- ",40.661479949951172,-123.44654846191406,TRINITY,UNINCORPORATED,-123.44297027587891,40.648227691650391
91575951,2021,2021-09-21,9175,2021-09-09,0720,020464,,4,1,9,5300,0,1,3,,1,010,SR-299,"FAWN LODGE ROAD",1546.00,E,N,A,-,Y,,,299,,,,,,,Y,2,0,1,1,A,-,08,22107,,N,F,A,A,A,H,-,A,D,0,,,,Y,Y,,G,26,1,0,0,0,0,0,0,0,0,"- ","- ",40.672969818115234,-122.82514190673828,TRINITY,UNINCORPORATED,-122.82523345947266,40.672889709472656
91616233,2021,2021-11-04,9175,2021-08-12,2215,021253,,4,3,9,5300,0,1,3,,1,021,"STATE ROUTE 3","ROURKE RANCH ROAD",5808.00,S,N,A,-,Y,,,,,,,,,,Y,1,1,0,1,A,-,01,23152,A,N,E,I,A,A,H,-,D,D,0,,,,,Y,Y,D,22,0,0,0,0,0,0,0,0,0,"- ","- ",40.517440795898438,-123.17472839355469,TRINITY,UNINCORPORATED,-123.18047332763672,40.523281097412109
91616327,2021,2021-11-04,9175,2021-09-24,1825,019485,,5,2,9,5300,0,1,3,,1,021,"STATE ROUTE 3","HAYFORK DUMP RD.",2640.00,S,N,A,-,Y,,,3,,,,,,,Y,1,1,1,1,A,-,01,23152,A,N,E,8,A,A,H,-,B,D,0,,,,,Y,Y,A,01,1,0,0,0,0,0,0,0,0,"- ","- ",40.5330810546875,-123.18466186523438,TRINITY,UNINCORPORATED,-123.18461608886719,40.533111572265625
91641903,2021,2021-12-03,9175,2021-12-02,0730,016084,,4,1,9,5300,0,1,3,,1,010,"STATE HIGHWAY 299 EAST OF MPM 60.50","STEEL BRIDGE ROAD",2640.00,W,N,B,-,Y,,,,,,,,,,Y,2,0,1,1,A,-,01,23152,A,N,E,I,A,B,H,-,A,D,0,,,,,Y,Y,A,01,1,0,0,0,0,0,0,0,0,"- ","- ",40.391300201416016,-122.53520202636719,TRINITY,UNINCORPORATED,-122.89930725097656,40.653289794921875
91660508,2021,2022-04-04,9175,2021-12-12,1804,020786,,7,2,9,5300,0,3,5,,2,001,"WASHINGTON ST","SR-299 W/B",239.00,N,N,B,-,N,,,,,,,,,,N,2,0,1,2,A,-,08,22107,,F,G,B,E,B,H,-,C,D,0,Y,,,,Y,Y,D,22,1,0,0,0,1,0,0,0,0,"- ","- ",40.727828979492188,-122.93579864501953,TRINITY,UNINCORPORATED,-122.93562316894531,40.727928161621094
91668647,2021,2022-01-03,9175,2021-12-26,2055,020683,,7,2,9,5300,0,1,3,,1,021,SR-3,SR-36,5280.00,N,N,D,-,Y,,,3,,,,,,,Y,2,0,1,1,A,-,08,22107,,N,E,I,A,C,H,-,D,D,0,,,,,Y,Y,D,22,1,0,0,0,0,0,0,0,0,"- ","- ",40.42681884765625,-123.15969848632812,TRINITY,UNINCORPORATED,-123.15979766845703,40.426742553710938
91677431,2022,2022-01-13,9175,2022-01-03,1049,018268,,1,1,9,5300,0,1,3,,2,014,SR-299,"CAMPBELL RIDGE RD",3696.00,W,N,B,C,Y,TRI,,299,,,0.372,H,,R,N,2,0,1,2,C,-,18,,,N,G,J,E,B,D,-,A,A,0,Y,,,Y,Y,,-,"- ",1,0,0,0,1,0,0,0,0,"- ","- ",40.888790130615234,-123.59462738037109,TRINITY,UNINCORPORATED,-123.59462738037109,40.888797760009766
91689654,2021,2022-01-31,9175,2021-11-24,2235,021253,,3,3,9,5300,0,1,3,,2,014,"STATE ROUTE 299 (TRINITY HIGHWAY)","ODEN FLAT ROAD",1003.00,W,N,A,-,Y,,,299,,,,,,,Y,1,1,0,1,A,-,01,23152,A,N,E,8,A,A,H,-,D,D,0,,,,,Y,Y,D,22,0,0,0,0,0,0,0,0,0,"- ","- ",40.892269134521484,-123.56333923339844,TRINITY,UNINCORPORATED,-123.56333923339844,40.892276763916016
91707174,2022,2022-02-23,9175,2022-02-15,0230,019479,,2,3,9,5300,0,1,3,,2,014,SR-299,"BERG RD",2112.00,E,N,A,-,Y,TRI,,299,,,8.143,H,,R,Y,2,0,1,1,A,-,08,22107,,N,E,I,A,A,H,-,D,D,0,,,,,Y,,D,22,1,0,0,0,0,0,0,0,0,"- ","- ",40.849681854248047,-123.48783111572266,TRINITY,UNINCORPORATED,-123.48766326904297,40.849781036376953
91715217,2022,2022-03-04,9175,2022-02-27,1335,019479,,7,1,9,5300,0,3,5,,2,002,"TRINITY PINES DR","WHITE OAK ROAD",5.00,N,N,A,-,N,,,,,,,,,,Y,2,0,1,2,A,-,05,21650,,N,A,C,A,A,A,-,A,D,0,,,,,Y,,D,22,1,0,0,0,0,0,0,0,0,"- ","- ",40.415390014648438,-123.20939636230469,TRINITY,UNINCORPORATED,-123.20954895019531,40.415561676025391
91718045,2022,2022-03-08,9175,2022-03-03,1628,018645,,4,2,9,5300,0,1,3,,2,013,"SR-299 E/B","PRAIRIE CREEK RD",8448.00,W,N,A,-,Y,TRI,,299,,,24.544,H,,R,Y,2,0,1,1,A,-,08,22107,,N,E,I,A,A,H,-,A,D,0,,,,,Y,,D,22,1,0,0,0,0,0,0,0,0,"- ","- ",40.766319274902344,-123.30545043945312,TRINITY,UNINCORPORATED,-123.30540466308594,40.766384124755859
91737608,2022,2022-03-30,9175,2022-03-19,1313,020464,,6,1,9,5300,0,1,3,,1,010,SR-299,"STEEL BRIDGE RD",3000.00,W,N,B,C,Y,TRI,,299,,,60.410,H,,R,Y,2,0,3,2,A,-,05,21460,A,N,D,C,A,B,H,-,A,D,0,,,,,Y,,A,01,1,1,1,0,0,0,0,0,0,"- ","- ",40.653160095214844,-122.90115356445312,TRINITY,UNINCORPORATED,-122.90116119384766,40.653129577636719
91765675,2022,2022-05-24,9175,2022-03-30,1632,020786,,3,2,9,5300,0,1,3,,1,017,SR-3,"EAST SIDE RD",590.00,S,N,A,-,Y,TRI,,3,,,65.330,H,,R,Y,1,1,0,1,A,-,01,23152,A,N,F,0,A,A,H,-,A,D,0,,,Y,,Y,Y,C,02,0,0,0,0,0,0,0,1,0,"- ","- ",41.051010131835938,-122.69889831542969,TRINITY,UNINCORPORATED,-122.69890594482422,41.051010131835938
91779174,2022,2022-05-24,9175,2022-05-23,1430,016084,,1,2,9,5300,0,1,3,,1,021,"RT 3","STATE ROUTE 36",6336.00,N,N,A,-,Y,,,,,,,,,,N,2,0,1,1,A,-,03,22350,,N,E,I,A,A,H,-,A,D,0,,,Y,,Y,,C,02,1,0,0,0,0,0,0,0,1,"- ","- ",40.252998352050781,-123.09300231933594,TRINITY,UNINCORPORATED,-123.15915679931641,40.425399780273438
91785305,2022,2022-07-27,9175,2022-05-24,1505,016084,,2,2,9,5300,0,1,3,,2,014,"STATE ROUTE 299","CAMPBELL RIDGE RD",5.00,W,N,A,-,Y,TRI,,299,,,1.105,H,,R,Y,2,0,1,2,A,-,09,21801,A,F,D,C,A,A,H,-,A,D,0,,,Y,,Y,,A,07,1,0,0,0,0,0,0,0,1,"- ","- ",40.890708923339844,-123.58448028564453,TRINITY,UNINCORPORATED,-123.58451843261719,40.890724182128906
91794952,2022,2022-06-14,9175,2022-06-07,1900,020004,,2,2,9,5300,0,3,5,,2,002,"FOREST SERVICE ROAD 2508","RUTH ZENIA RD.",7392.00,W,N,A,-,N,,,,,,,,,,Y,2,0,2,1,A,-,08,22107,,N,F,I,A,A,H,-,B,D,0,,,,,Y,Y,D,22,1,1,0,0,0,0,0,0,0,"- ","- ",40.216110229492188,-123.46553039550781,TRINITY,UNINCORPORATED,,
91796841,2022,2022-06-16,9175,2022-06-13,0250,020683,,1,3,9,5300,0,1,3,,1,012,SR-299,"VALDOR ROAD",500.00,E,N,A,-,Y,TRI,,299,,,40.232,H,,R,Y,2,0,2,1,A,-,08,22107,,N,E,I,A,A,H,-,D,D,0,,,,,Y,,A,01,1,1,0,0,0,0,0,0,0,"- ","- ",40.765411376953125,-123.08103942871094,TRINITY,UNINCORPORATED,-123.08101654052734,40.765460968017578
91815035,2022,2022-07-12,9175,2022-07-02,1840,020464,,6,2,9,5300,0,3,5,,2,001,"LITTLE BROWNS CREEK ROAD",SR-299,2640.00,N,N,A,-,N,,,,,,,,,,Y,2,0,1,1,A,-,08,22107,,N,F,A,A,A,H,-,A,D,0,,,Y,,Y,,C,02,1,0,0,0,0,0,0,0,1,"- ","- ",40.699150085449219,-122.92198181152344,TRINITY,UNINCORPORATED,,
91815099,2022,2022-07-12,9175,2022-07-05,2345,020683,,2,3,9,5300,0,1,3,,1,016,SR-3,"HATCHET CREEK ROAD",1900.00,S,N,A,-,Y,TRI,,3,,,62.220,H,,R,Y,2,0,1,1,A,-,01,23152,A,N,E,I,A,A,H,-,D,D,0,,,,,Y,Y,D,22,1,0,0,0,0,0,0,0,0,"- ","- ",41.010269165039062,-122.69300842285156,TRINITY,UNINCORPORATED,-122.69316101074219,41.010353088378906
91815229,2022,2022-07-12,9175,2022-07-06,1800,021253,,3,2,9,5300,0,3,5,,2,002,"GLEN ROAD","MICHAEL RD",326.00,S,N,A,-,N,,,,,,,,,,Y,2,0,1,1,A,-,01,23152,A,N,E,I,A,A,H,-,A,D,0,,,,,Y,Y,A,01,1,0,0,0,0,0,0,0,0,"- ","- ",40.719200134277344,-122.93267822265625,TRINITY,UNINCORPORATED,-122.93270111083984,40.719120025634766
91825541,2022,2022-07-26,9175,2022-07-19,0625,018268,,2,1,9,5300,0,1,3,,1,021,SR-3,"SUMMIT CREEK RD",481.00,N,N,A,-,Y,TRI,,3,,,18.545,H,,R,Y,2,0,1,1,A,-,08,22107,,N,E,I,A,A,H,-,A,D,0,,,,,Y,,D,22,1,0,0,0,0,0,0,0,0,"- ","- ",40.59375,-123.01074981689453,TRINITY,UNINCORPORATED,-123.01078796386719,40.593822479248047
91827335,2022,2022-07-28,9175,2022-06-01,1437,019485,,3,2,9,5300,0,1,3,,2,014,SR-299,"ROSE ROAD",10560.00,E,N,A,-,Y,TRI,,299,,,33.303,H,,R,Y,1,1,1,1,A,-,08,22107,,N,F,I,A,A,H,-,A,D,0,,,,,Y,,A,01,0,1,0,0,0,0,0,0,0,"- ","- ",40.745651245117188,-123.17447662353516,TRINITY,UNINCORPORATED,-123.17449188232422,40.745655059814453
91854416,2022,2023-07-25,9175,2022-07-27,1920,018268,,3,2,9,5300,0,1,3,,2,014,SR-299,"CAMPBELL RIDGE RD",1742.00,W,N,A,-,Y,TRI,,299,,,0.749,H,,R,Y,2,0,1,2,A,-,01,23152,A,F,B,C,A,A,H,-,A,A,0,,,Y,Y,Y,Y,C,02,1,0,0,0,0,0,0,0,1,"- ","- ",40.886379241943359,-123.58818817138672,TRINITY,UNINCORPORATED,-123.58818817138672,40.886367797851562
91854624,2022,2022-08-31,9175,2022-08-27,1520,020464,,6,2,9,5300,0,1,3,,2,014,SR-299,"BERG RD",1070.00,E,N,A,-,Y,TRI,,299,,,7.837,H,,R,Y,2,0,1,1,A,-,16,24002,A,N,E,I,A,A,H,-,A,D,0,,,,,Y,,A,01,1,0,0,0,0,0,0,0,0,"- ","- ",40.853588104248047,-123.48992919921875,TRINITY,UNINCORPORATED,-123.48991394042969,40.853607177734375
91860162,2022,2022-09-08,9175,2022-08-04,1510,020786,,4,2,9,5300,0,1,3,,1,010,SR-299,"WILSON MOUNTAIN RD",1056.00,W,N,A,-,Y,TRI,,299,,,59.506,H,,R,Y,1,1,0,2,A,-,05,21460,A,N,A,C,A,A,H,-,A,D,0,,,Y,,Y,,C,02,0,0,0,0,0,0,0,1,0,"- ","- ",40.658161163330078,-122.91665649414062,TRINITY,UNINCORPORATED,-122.91666412353516,40.65814208984375