CASE_ID,ACCIDENT_YEAR,PROC_DATE,JURIS,COLLISION_DATE,COLLISION_TIME,OFFICER_ID,REPORTING_DISTRICT,DAY_OF_WEEK,CHP_SHIFT,POPULATION,CNTY_CITY_LOC,SPECIAL_COND,BEAT_TYPE,CHP_BEAT_TYPE,CITY_DIVISION_LAPD,CHP_BEAT_CLASS,BEAT_NUMBER,PRIMARY_RD,SECONDARY_RD,DISTANCE,DIRECTION,INTERSECTION,WEATHER_1,WEATHER_2,STATE_HWY_IND,CALTRANS_COUNTY,CALTRANS_DISTRICT,STATE_ROUTE,ROUTE_SUFFIX,POSTMILE_PREFIX,POSTMILE,LOCATION_TYPE,RAMP_INTERSECTION,SIDE_OF_HWY,TOW_AWAY,COLLISION_SEVERITY,NUMBER_KILLED,NUMBER_INJURED,PARTY_COUNT,PRIMARY_COLL_FACTOR,PCF_CODE_OF_VIOL,PCF_VIOL_CATEGORY,PCF_VIOLATION,PCF_VIOL_SUBSECTION,HIT_AND_RUN,TYPE_OF_COLLISION,MVIW,PED_ACTION,ROAD_SURFACE,ROAD_COND_1,ROAD_COND_2,LIGHTING,CONTROL_DEVICE,CHP_ROAD_TYPE,PEDESTRIAN_ACCIDENT,BICYCLE_ACCIDENT,MOTORCYCLE_ACCIDENT,TRUCK_ACCIDENT,NOT_PRIVATE_PROPERTY,ALCOHOL_INVOLVED,STWD_VEHTYPE_AT_FAULT,CHP_VEHTYPE_AT_FAULT,COUNT_SEVERE_INJ,COUNT_VISIBLE_INJ,COUNT_COMPLAINT_PAIN,COUNT_PED_KILLED,COUNT_PED_INJURED,COUNT_BICYCLIST_KILLED,COUNT_BICYCLIST_INJURED,COUNT_MC_KILLED,COUNT_MC_INJURED,PRIMARY_RAMP,SECONDARY_RAMP,LATITUDE,LONGITUDE,COUNTY,CITY,POINT_X,POINT_Y
91872696,2022,2022-09-26,9175,2022-09-16,1810,021253,,5,2,9,5300,0,3,5,,2,002,"DUTCH CREEK ROAD","RED HILL ROAD",0.00,,Y,A,-,N,,,,,,,,,,Y,2,0,1,1,A,-,08,22107,,N,E,I,A,A,H,-,A,D,0,,,Y,,Y,,C,02,1,0,0,0,0,0,0,0,1,"- ","- ",40.728248596191406,-123.06307983398438,TRINITY,UNINCORPORATED,-123.06272125244141,40.728240966796875
91884344,2022,2022-10-06,9175,2022-09-05,1145,020004,,1,1,9,5300,0,1,3,,2,014,SR-299,"BERG ROAD",3960.00,E,N,A,-,Y,TRI,,299,,,8.301,H,,R,N,1,1,0,1,A,-,08,22107,,N,E,I,A,A,D,-,A,A,0,,,Y,,Y,,C,02,0,0,0,0,0,0,0,1,0,"- ","- ",40.849720001220703,-123.48489379882812,TRINITY,UNINCORPORATED,-123.48487854003906,40.849662780761719
91907072,2022,2022-11-01,9175,2022-10-27,0700,016084,,4,1,9,5300,0,3,5,,2,002,"BRADY ROAD","EWING ROAD",85.00,E,N,A,-,N,,,,,,,,,,N,2,0,1,1,A,-,01,23152,A,N,E,I,A,A,H,-,D,D,0,,,,,Y,Y,D,22,1,0,0,0,0,0,0,0,0,"- ","- ",40.334300994873047,-123.10320281982422,TRINITY,UNINCORPORATED,-123.17568969726562,40.562843322753906
91918015,2022,2022-11-15,9175,2022-11-07,1830,019877,,1,2,9,5300,0,1,3,,1,022,SR-36,SR-3,305.00,W,N,C,-,Y,TRI,,36,,,27.159,H,,R,Y,2,0,1,1,A,-,08,22107,,N,E,I,A,B,H,-,D,D,0,,,,,Y,,-,"- ",1,0,0,0,0,0,0,0,0,"- ","- ",40.420219421386719,-123.17642211914062,TRINITY,UNINCORPORATED,-123.17640686035156,40.420173645019531
91929442,2022,2022-11-29,9175,2022-10-01,2500,019485,,6,4,9,5300,0,1,3,,1,011,"SR-299 (TRINITY HIGHWAY)","SLATTERY GULCH RD",1584.00,E,N,A,-,Y,TRI,,299,,,45.839,H,,R,Y,1,1,0,1,A,-,01,23152,A,N,F,A,A,A,H,-,D,D,0,,,,,Y,Y,A,07,0,0,0,0,0,0,0,0,0,"- ","- ",40.733791351318359,-123.01731109619141,TRINITY,UNINCORPORATED,-123.01738739013672,40.733856201171875
91968221,2023,2023-01-13,9175,2023-01-06,"240 ",020004,,5,3,9,5300,0,1,3,,1,011,SR-299,"HIGHLAND RD",400.00,E,N,B,-,Y,TRI,,299," "," ",43.814,H,,R,Y,2,0,1,1,A,-,08,22107,,N,F,I,A,B,H,-,D,D,0,,,,,Y,,A,01,1,0,0,0,0,0,0,0,0,"- ","- ",40.726169586181641,-123.05354309082031,TRINITY,UNINCORPORATED,-123.05347442626953,40.726234436035156
91975980,2022,2023-01-27,9175,2022-12-08,1425,019877,,4,2,9,5300,0,1,3,,2,015,SR-3,"3 TRI 35.12",75.00,S,N,C,D,Y,TRI,,3,,,35.304,H,,R,Y,1,1,0,1,A,-,01,23152,F,N,E,I,A,C,H,-,A,D,0,,,,,Y,,A,01,0,0,0,0,0,0,0,0,0,"- ","- ",40.757488250732422,-122.88704681396484,TRINITY,UNINCORPORATED,-122.88713073730469,40.757484436035156
91976064,2023,2023-01-24,9175,2023-01-22,1430,021426,,7,2,9,5300,0,3,5,,2,001,"WEAVER BALLY ROAD","SIDNEY GULCH RD",3960.00,N,N,A,-,N,,,,,,,,,,N,2,0,1,1,A,-,08,22107,,N,E,I,A,A,H,-,A,D,0,,,Y,,Y,,C,02,1,0,0,0,0,0,0,0,1,"- ","- ",40.746341705322266,-122.94996643066406,TRINITY,UNINCORPORATED,-122.94937133789062,40.751922607421875
92073291,2023,2023-05-19,9175,2023-01-14,2500,021161,,6,4,9,5300,0,1,3,,1,012,SR-299,"299 TRI 30.0",540.00,E,N,A,-,Y,TRI,,299," "," ",30.102,H,,R,N,1,1,0,1,A,-,08,22107,,N,E,I,A,A,H,-,A,D,0,,,,,Y,,-,"- ",0,0,0,0,0,0,0,0,0,"- ","- ",40.737628936767578,-123.22596740722656,TRINITY,UNINCORPORATED,-123.22605133056641,40.737686157226562
92094927,2023,2023-06-15,9175,2023-06-12,"937 ",016084,,1,1,9,5300,0,1,3,,1,010,"STATE HGHWAY 299","WILSON MOUNTAIN ROAD",360.00,E,N,A,-,Y,TRI,,299," "," ",59.727,H,,R,Y,2,0,1,2,A,-,09,21804,A,N,D,C,A,A,H,-,A,D,0,,,,,Y,,A,01,1,0,0,0,0,0,0,0,0,"- ","- ",40.656391143798828,-122.91325378417969,TRINITY,UNINCORPORATED,-122.91322326660156,40.656410217285156
92094997,2023,2023-06-15,9175,2023-06-07,"820 ",015928,,3,1,9,5300,0,1,3,,1,017,"STATE ROUTE 3","EAGLE CREEK LOOP",2112.00,N,N,A,-,Y,TRI,,3," "," ",72.630,H,,R,Y,2,0,1,1,C,-,18,,,N,H,H,A,A,H,-,A,D,0,,,Y,,Y,,-,"- ",1,0,0,0,0,0,0,0,1,"- ","- ",41.142921447753906,-122.67661285400391,TRINITY,UNINCORPORATED,-122.6766357421875,41.142978668212891
92099051,2023,2023-06-21,9175,2023-06-14,1124,020464,,3,1,9,5300,0,3,5,,2,002,"INDUSTRIAL PARKWAY",SR-299,1584.00,S,N,A,-,N,,,,,,,,,,Y,2,0,1,1,A,-,08,22107,,N,E,I,A,A,H,-,A,D,0,,,Y,,Y,,C,02,1,0,0,0,0,0,0,0,1,"- ","- ",40.710700988769531,-122.92958068847656,TRINITY,UNINCORPORATED,-122.92404937744141,40.710361480712891
92101176,2023,2023-06-23,9175,2023-06-11,2019,019485,,7,2,9,5300,0,1,3,,1,012,SR-299,"CEMETERY RD",2640.00,E,N,B,-,Y,TRI,,299," "," ",38.599,H,,R,Y,1,1,1,2,A,-,08,22107,,N,A,C,A,A,H,-,A,D,0,,,,,Y,,D,22,1,0,0,0,0,0,0,0,0,"- ","- ",40.763301849365234,-123.10059356689453,TRINITY,UNINCORPORATED,-123.10051727294922,40.763324737548828
92105062,2023,2023-06-29,9175,2023-06-25,1245,020464,,7,1,9,5300,0,3,5,,2,002,"RUTH ZENIA RD","BOY SCOUT COVE CAMP",2112.00,W,N,B,-,N,,,,,,,,,,N,2,0,1,1,A,-,08,22107,,N,F,A,A,B,H,-,A,D,0,,,Y,,Y,,C,02,1,0,0,0,0,0,0,0,1,"- ","- ",40.313308715820312,-123.40219116210938,TRINITY,UNINCORPORATED,,
92110756,2023,2023-07-06,9175,2023-05-25,1850,021161,,4,2,9,5300,0,1,3,,1,022,SR-36,SR-3,747.00,E,N,A,-,Y,TRI,,36," ",R,28.795,H,,R,N,1,1,0,1,A,-,08,22107,,N,E,I,A,A,H,-,A,D,0,,,,,Y,,D,22,0,0,0,0,0,0,0,0,0,"- ","- ",40.420879364013672,-123.17340087890625,TRINITY,UNINCORPORATED,-123.17330169677734,40.420848846435547
92119962,2023,2023-07-18,9175,2023-07-09,2500,020722,,7,4,9,5300,0,1,3,,1,010,SR-299,"WILSON MOUNTAIN RD",100.00,W,N,A,-,Y,TRI,,299," "," ",59.613,H,,R,N,2,0,1,2,A,-,08,22107,,F,G,B,E,A,H,-,D,D,0,Y,,,,Y,Y,-,99,1,0,0,0,1,0,0,0,0,"- ","- ",40.657470703125,-122.91488647460938,TRINITY,UNINCORPORATED,-122.91481018066406,40.657543182373047
92125365,2023,2023-07-25,9175,2023-07-20,1959,019485,,4,2,9,5300,0,1,3,,1,016,SR-3,"NORWEIGAN RANCH ROAD",2112.00,N,N,A,-,Y,TRI,,3," "," ",57.566,H,,R,Y,2,0,1,1,A,-,08,22107,,N,E,I,A,A,H,-,A,D,0,,,,,Y,,A,07,1,0,0,0,0,0,0,0,0,"- ","- ",40.959648132324219,-122.73211669921875,TRINITY,UNINCORPORATED,-122.73222351074219,40.959693908691406
92160238,2023,2023-08-31,9175,2023-08-23,1735,019479,,3,2,9,5300,0,1,3,,2,014,SR-299,"HENNESSEY RD",1056.00,E,N,A,-,Y,TRI,,299," "," ",10.712,H,,R,Y,2,0,1,1,A,-,01,23152,A,N,E,I,A,A,H,-,A,D,0,,,,,Y,Y,D,22,1,0,0,0,0,0,0,0,0,"- ","- ",40.819351196289062,-123.48061370849609,TRINITY,UNINCORPORATED,-123.48065948486328,40.819324493408203
92174736,2023,2023-09-20,9175,2023-09-12,1625,019877,,2,2,9,5300,0,1,3,,1,011,SR-299,"WASHINGTON STREET",5.00,W,N,A,-,Y,TRI,,299," "," ",52.065,H,,R,N,2,0,1,2,A,-,09,21802,A,N,D,C,A,A,H,-,A,A,0,,,,,Y,,M,94,1,0,0,0,0,0,0,0,0,"- ","- ",40.727470397949219,-122.93633270263672,TRINITY,UNINCORPORATED,-122.936279296875,40.727512359619141
92188060,2023,2023-10-02,9175,2023-09-22,2326,018507,,5,3,9,5300,0,3,5,,2,001,"TRINITY DAM BOULEVARD",SR-299,1584.00,N,N,A,-,N,,,,,,,,,,Y,2,0,1,1,A,-,08,22107,,N,E,I,A,A,H,-,D,D,0,,,,,Y,,D,22,1,0,0,0,0,0,0,0,0,"- ","- ",40.663669586181641,-122.80191802978516,TRINITY,UNINCORPORATED,-122.802001953125,40.663753509521484
92188243,2023,2023-10-02,9175,2023-09-23,2325,021426,,6,3,9,5300,0,1,3,,1,011,SR-299,"MPM 299 TRI 57.36",64.00,W,N,A,-,Y,TRI,,299," "," ",57.306,H,,R,Y,2,0,1,1,A,-,08,22107,,N,E,8,A,A,H,-,D,D,0,,,,,Y,,D,22,1,0,0,0,0,0,0,0,0,"- ","- ",40.661300659179688,-122.94328308105469,TRINITY,UNINCORPORATED,-122.94322204589844,40.661293029785156
92197325,2023,2023-10-12,9175,2023-10-04,"940 ",019479,,3,1,9,5300,0,3,5,,2,001,"TRINITY DAM BLVD","USFS 34N26D",100.00,S,N,A,-,N,,,,,,,,,,N,2,0,1,1,C,-,18,,,N,E,H,A,A,H,-,A,D,0,,,Y,,Y,Y,-,"- ",1,0,0,0,0,0,0,0,1,"- ","- ",40.748130798339844,-122.79044342041016,TRINITY,UNINCORPORATED,,
92251878,2023,2023-12-04,9175,2023-10-26,1535,018268,,4,2,9,5300,0,3,5,,2,001,"COFFEE CREEK ROAD","STATE ROUTE 3",5808.00,W,N,B,-,N,,,,,,,,,,Y,1,1,0,1,A,-,01,23152,F,N,E,I,A,A,H,-,A,D,0,,,,,Y,,D,22,0,0,0,0,0,0,0,0,0,"- ","- ",41.083381652832031,-122.72685241699219,TRINITY,UNINCORPORATED,-122.72622680664062,41.083225250244141
92253937,2023,2023-12-06,9175,2023-11-28,"45  ",016084,,2,3,9,5300,0,1,3,,1,021,"STATE ROUTE 3","FOREST AVE",33.00,N,N,A,-,Y,TRI,,3," "," ",8.231,H,,R,Y,2,0,1,1,A,-,01,23152,A,N,E,I,A,A,H,-,D,D,0,,,,,Y,Y,A,01,1,0,0,0,0,0,0,0,0,"- ","- ",40.552619934082031,-123.16239929199219,TRINITY,UNINCORPORATED,-123.16241455078125,40.552566528320312
92256049,2023,2023-12-07,9175,2023-12-04,1110,019479,,1,1,9,5300,0,1,3,,1,022,SR-36,"FELDMILLER ROAD",4752.00,E,N,B,C,Y,TRI,,36," ",R,4.757,H,,R,N,2,0,1,1,A,-,08,22107,,N,E,I,A,B,H,-,A,D,0,,,,,Y,,A,07,1,0,0,0,0,0,0,0,0,"- ","- ",40.435440063476562,-123.47830963134766,TRINITY,UNINCORPORATED,-123.47841644287109,40.435440063476562
92320331,2024,2024-02-22,9175,2024-02-10,1645,021426,,6,2,9,5300,0,1,3,,1,011,SR-299,"DUTCH CREEK ROAD",576.00,E,N,A,-,Y,TRI,,299," "," ",43.769,H,,R,Y,2,0,1,1,A,-,03,22350,,N,E,8,A,A,H,-,A,D,0,,,,,Y,,A,07,1,0,0,0,0,0,0,0,0,"- ","- ",40.726608276367188,-123.05417633056641,TRINITY,UNINCORPORATED,-123.05413818359375,40.726642608642578
92346368,2024,2024-03-25,9175,2024-03-20,"550 ",018268,,3,3,9,5300,0,1,3,,1,010,SR-299,"STEEL BRIDGE RD",398.00,W,N,E,-,Y,TRI,,299," "," ",60.877,H,,R,Y,2,0,1,1,A,-,08,22107,,N,E,8,A,A,H,-,C,D,0,,,,Y,Y,,F,26,1,0,0,0,0,0,0,0,0,"- ","- ",40.657371520996094,-122.89537811279297,TRINITY,UNINCORPORATED,-122.89533233642578,40.657360076904297
92365857,2024,2024-04-16,9175,2024-01-23,2500,015928,,2,4,9,5300,0,1,3,,2,013,"STATE ROUTE 299","BIG MOUNTAIN ROAD",6336.00,W,N,A,-,Y,TRI,,299," "," ",18.647,H,,R,Y,1,1,0,1,A,-,01,23152,A,N,E,9,A,A,H,-,A,D,0,,,,,Y,Y,D,22,0,0,0,0,0,0,0,0,0,"- ","- ",40.793998718261719,-123.36952972412109,TRINITY,UNINCORPORATED,-123.36961364746094,40.794059753417969
92373101,2024,2024-04-23,9175,2024-04-11,2230,018268,,4,3,9,5300,0,1,3,,2,014,SR-299,"PONY CREEK RD",3168.00,W,N,B,-,Y,TRI,,299," "," ",6.239,H,,R,Y,2,0,2,1,A,-,08,22107,,N,F,8,A,A,H,-,D,D,0,,,,,Y,,A,07,2,0,0,0,0,0,0,0,0,"- ","- ",40.861400604248047,-123.51268768310547,TRINITY,UNINCORPORATED,-123.51263427734375,40.861423492431641
92392819,2024,2024-05-17,9175,2024-05-11,1400,021253,,6,2,9,5300,0,3,5,,2,001,"FOREST SERVICE PROPERTY",SR-3,1584.00,E,N,A,-,N,,,,,,,,,,N,2,0,1,1,A,-,08,22107,,N,F,A,A,A,H,-,A,D,0,,,Y,,Y,,C,06,1,0,0,0,0,0,0,0,1,"- ","- ",40.002941131591797,-122.697509765625,TRINITY,UNINCORPORATED,-123.16259765625,40.552619934082031
92431762,2024,2024-07-05,9175,2024-06-21,1630,019432,,5,2,9,5300,0,1,3,,1,020,SR-3,"MILE POST MARKER 3TRI 22.43",77.50,N,N,A,-,Y,TRI,,3," "," ",22.426,H,,R,N,2,0,1,1,A,-,08,22107,,M,E,I,A,A,H,-,A,D,0,,,,,Y,,-,"- ",1,0,0,0,0,0,0,0,0,"- ","- ",40.618419647216797,-122.99771118164062,TRINITY,UNINCORPORATED,-122.99771118164062,40.618396759033203
92436393,2024,2024-07-11,9175,2024-07-03,1642,019247,,3,2,9,5300,0,1,3,,2,014,SR-299,"MPM 299 TRI 10.12",485.00,E,N,A,-,Y,,,,,,,,,,Y,2,0,2,2,A,-,03,22350,,N,A,C,A,A,H,-,A,D,0,,,Y,,Y,,C,02,1,1,0,0,0,0,0,0,1,"- ","- ",40.825618743896484,-123.48457336425781,TRINITY,UNINCORPORATED,,
93491515,2024,2025-02-10,9175,2024-07-21,1015,019877,,7,1,9,5300,0,1,3,,2,013,SR-299,"299 TRI MPM 14.50",360.00,E,N,A,-,Y,TRI,,299," "," ",14.569,H,,R,Y,2,0,2,2,A,-,03,22350,,N,C,C,A,A,D,-,A,D,0,,,,,Y,,A,07,1,1,0,0,0,0,0,0,0,"- ","- ",40.789188385009766,-123.43205261230469,TRINITY,UNINCORPORATED,-123.43206024169922,40.789176940917969
93768806,2024,2024-08-07,9175,2024-07-29,"205 ",021035,,1,3,9,5300,0,3,5,,2,001,"LOWDEN PARK PARKING LOT",SR-3,1320.00,S,N,A,-,N,,,,,,,,,,N,2,0,1,1,B,-,22,,,N,E,I,A,A,H,-,C,D,0,,,,,Y,Y,M,94,1,0,0,0,0,0,0,0,0,"- ","- ",40.733669281005859,-122.93308258056641,TRINITY,UNINCORPORATED,,
94383087,2024,2024-09-05,9175,2024-08-22,2000,023686,,4,2,9,5300,0,1,3,,2,013,"SR-299 W/B","POKER LN",2376.00,W,N,B,-,Y,TRI,,299," "," ",26.934,H,,L,Y,2,0,1,1,C,-,18,,,N,E,H,A,A,H,-,D,D,0,,,Y,,Y,,-,"- ",1,0,0,0,0,0,0,0,1,"- ","- ",40.750049591064453,-123.27658843994141,TRINITY,UNINCORPORATED,-123.27660369873047,40.750030517578125
94404243,2024,2024-09-23,9175,2024-09-11,"650 ",021836,,3,1,9,5300,0,1,3,,1,010,"SR-299 W/B","FAWN LODGE ROAD",2112.00,E,N,B,-,Y,TRI,,299," "," ",65.763,H,,L,Y,2,0,3,2,A,-,03,22350,,N,F,8,A,A,H,-,A,D,0,,,,Y,Y,,G,25,2,1,0,0,0,0,0,0,0,"- ","- ",40.671699523925781,-122.82308959960938,TRINITY,UNINCORPORATED,-122.82308959960938,40.671726226806641
94409414,2024,2024-09-26,9175,2024-09-12,1348,020464,,4,1,9,5300,0,3,5,,2,002,"MORGAN HILL RD",SR-3,1584.00,E,N,A,-,N,,,,,,,,,,N,2,0,1,1,C,-,18,,,N,E,H,A,A,H,-,A,D,0,,,Y,,Y,,-,"- ",1,0,0,0,0,0,0,0,1,"- ","- ",40.546028137207031,-123.18583679199219,TRINITY,UNINCORPORATED,-123.18543243408203,40.545997619628906
94410930,2024,2024-09-27,9175,2024-09-23,"135 ",021724,,1,3,9,5300,0,3,5,,2,001,"DENNY RD","ZEIGLER POINT RD",2640.00,E,N,A,-,N,,,,,,,,,,N,2,0,1,1,A,-,08,22107,,N,E,I,A,A,H,-,D,D,0,,,,,Y,,A,07,1,0,0,0,0,0,0,0,0,"- ","- ",40.886219024658203,-123.49662780761719,TRINITY,UNINCORPORATED,,
94437011,2024,2024-10-18,9175,2024-10-10,1128,018268,,4,1,9,5300,0,1,3,,1,012,SR-299,"CEMETERY RD",4752.00,E,N,A,-,Y,TRI,,299," "," ",38.017,H,,R,Y,1,1,0,1,A,-,08,22107,,N,F,A,A,A,H,-,A,D,0,,,,,Y,,D,22,0,0,0,0,0,0,0,0,0,"- ","- ",40.766368865966797,-123.10965728759766,TRINITY,UNINCORPORATED,-123.10965728759766,40.766399383544922
94446339,2024,2024-10-28,9175,2024-09-21,1200,021115,,6,1,9,5300,0,3,5,,2,002,"CARR CREEK RD","STATE ROUTE 3",6442.00,W,N,A,-,N,,,,,,,,,,Y,1,2,0,1,A,-,08,22107,,N,F,A,A,A,G,-,A,D,0,,,Y,,Y,,C,06,0,0,0,0,0,0,0,2,0,"- ","- ",40.596240997314453,-123.06675720214844,TRINITY,UNINCORPORATED,-123.07234954833984,40.583419799804688
94459228,2024,2024-11-05,9175,2024-10-02,1926,021253,,3,2,9,5300,0,1,3,,2,013,SR-299,"299TRI. 12.97",138.00,E,N,A,-,Y,TRI,,299," "," ",12.805,H,,R,Y,1,1,0,1,A,-,03,22350,,N,F,A,A,A,H,-,D,D,0,,,Y,,Y,,C,02,0,0,0,0,0,0,0,1,0,"- ","- ",40.795989990234375,-123.46074676513672,TRINITY,UNINCORPORATED,-123.46072387695312,40.796001434326172
94481994,2024,2024-11-25,9175,2024-11-13,"945 ",020464,,3,1,9,5300,0,1,3,,2,014,SR-299,"SUZY Q RD",1056.00,E,N,B,C,Y,TRI,,299," "," ",4.523,H,,R,Y,2,0,1,2,A,-,03,22350,,N,A,C,A,B,H,-,A,D,0,,,,,Y,,A,01,1,0,0,0,0,0,0,0,0,"- ","- ",40.875518798828125,-123.53710174560547,TRINITY,UNINCORPORATED,-123.53704071044922,40.875537872314453
94530312,2024,2025-01-08,9175,2024-12-27,1315,018268,,5,1,9,5300,0,3,5,,2,002,"STEINER FLAT ROAD","RIVER VIEW ROAD",7392.00,W,N,B,-,N,,,,,,,,,,Y,2,0,1,1,A,-,01,23152,A,N,F,0,A,B,H,-,A,D,0,,,,,Y,Y,D,22,1,0,0,0,0,0,0,0,0,"- ","- ",40.660110473632812,-122.95408630371094,TRINITY,UNINCORPORATED,-122.95660400390625,40.660121917724609
94638025,2025,2025-04-04,9175,2025-03-25,1520,024195,,2,2,9,5300,0,1,3,,2,014,SR-299,"UNDERWOOD MOUNTAIN RD",2640.00,E,N,A,-,Y,TRI,,299," "," ",12.388,H,,R,Y,2,0,1,1,A,-,03,22350,,N,F,I,A,A,H,-,A,D,0,,,,Y,Y,,G,25,1,0,0,0,0,0,0,0,0,"- ","- ",40.800891876220703,-123.46521759033203,TRINITY,UNINCORPORATED,-123.46517944335938,40.800918579101562
94638230,2025,2025-04-04,9175,2025-03-26,"430 ",024195,,3,3,9,5300,0,3,5,,2,002,"HYAMPOM RD","HYAMPOM DUMP ROAD",25872.00,E,N,A,-,N,,,,,,,,,,N,2,0,1,1,A,-,08,22107,,N,F,I,A,A,H,-,D,D,0,,,,,Y,,-,"- ",1,0,0,0,0,0,0,0,0,"- ","- ",40.619029998779297,-123.33293914794922,TRINITY,UNINCORPORATED,-123.36249542236328,40.605796813964844
94655405,2025,2025-04-18,9175,2025-04-10,1345,019811,,4,1,9,5300,0,1,3,,1,011,SR-299,"UNION HILL ROAD",2640.00,W,N,A,-,Y,TRI,,299," "," ",55.918,H,,R,Y,2,0,1,1,A,-,03,22350,,N,F,A,A,A,H,-,A,D,0,,,Y,,Y,,C,02,1,0,0,0,0,0,0,0,1,"- ","- ",40.680690765380859,-122.94257354736328,TRINITY,UNINCORPORATED,-122.94257354736328,40.680694580078125
94680494,2025,2025-05-08,9175,2025-04-26,"320 ",024388,,6,3,9,5300,0,1,3,,2,013,SR-299,"CARRIE-HAYDEN ROAD",202.00,W,N,C,-,Y,TRI,,299," "," ",22.059,H,,R,N,2,0,1,1,C,-,18,,,N,E,8,A,B,H,-,D,D,0,,,,,Y,,-,"- ",1,0,0,0,0,0,0,0,0,"- ","- ",40.774078369140625,-123.33100891113281,TRINITY,UNINCORPORATED,-123.3310546875,40.774013519287109
94722126,2025,2025-06-11,9175,2025-05-31,1650,024249,,6,2,9,5300,0,1,3,,1,011,SR-299,"TUCKER HILL RD",322.00,W,N,A,-,Y,TRI,,299," "," ",56.822,H,,R,Y,2,0,4,4,A,-,05,21460,,N,B,2,A,A,H,-,A,D,0,,,,,Y,,D,22,2,2,0,0,0,0,0,0,0,"- ","- ",40.667911529541016,-122.94397735595703,TRINITY,UNINCORPORATED,-122.94397735595703,40.667911529541016
94738835,2025,2025-06-25,9175,2025-06-19,1625,020464,,4,2,9,5300,0,1,3,,2,014,SR-299,"UNDERWOOD MOUNTAIN ROAD",4345.00,E,N,A,-,Y,TRI,,299," "," ",12.634,H,,R,Y,2,0,1,1,A,-,08,22107,,N,F,A,A,A,H,-,A,D,0,,,Y,,Y,,C,02,1,0,0,0,0,0,0,0,1,"- ","- ",40.797878265380859,-123.46286010742188,TRINITY,UNINCORPORATED,-123.46276092529297,40.797962188720703
94743641,2025,2025-06-30,9175,2025-06-25,"900 ",019811,,3,1,9,5300,0,1,3,,1,021,SR-3,"BEALS STREET",426.00,S,N,A,-,Y,TRI,,3," "," ",7.333,H,,R,N,2,0,1,1,A,-,03,22350,,N,H,A,A,A,H,-,A,D,0,,,,,Y,,M,93,1,0,0,0,0,0,0,0,0,"- ","- ",40.554161071777344,-123.17903900146484,TRINITY,UNINCORPORATED,-123.17903900146484,40.554111480712891